,value,value_classification,timestamp,time_until_update,date
0,29,Fear,1669766400,43849,2022-11-30 01:00:00
1,26,Fear,1669680000,,2022-11-29 01:00:00
2,28,Fear,1669593600,,2022-11-28 01:00:00
3,26,Fear,1669507200,,2022-11-27 01:00:00
4,22,Extreme Fear,1669420800,,2022-11-26 01:00:00
5,20,Extreme Fear,1669334400,,2022-11-25 01:00:00
6,20,Extreme Fear,1669248000,,2022-11-24 01:00:00
7,22,Extreme Fear,1669161600,,2022-11-23 01:00:00
8,22,Extreme Fear,1669075200,,2022-11-22 01:00:00
9,21,Extreme Fear,1668988800,,2022-11-21 01:00:00
10,24,Extreme Fear,1668902400,,2022-11-20 01:00:00
11,23,Extreme Fear,1668816000,,2022-11-19 01:00:00
12,23,Extreme Fear,1668729600,,2022-11-18 01:00:00
13,20,Extreme Fear,1668643200,,2022-11-17 01:00:00
14,23,Extreme Fear,1668556800,,2022-11-16 01:00:00
15,22,Extreme Fear,1668470400,,2022-11-15 01:00:00
16,24,Extreme Fear,1668384000,,2022-11-14 01:00:00
17,22,Extreme Fear,1668297600,,2022-11-13 01:00:00
18,21,Extreme Fear,1668211200,,2022-11-12 01:00:00
19,25,Extreme Fear,1668124800,,2022-11-11 01:00:00
20,22,Extreme Fear,1668038400,,2022-11-10 01:00:00
21,29,Fear,1667952000,,2022-11-09 01:00:00
22,31,Fear,1667865600,,2022-11-08 01:00:00
23,33,Fear,1667779200,,2022-11-07 01:00:00
24,40,Fear,1667692800,,2022-11-06 01:00:00
25,38,Fear,1667606400,,2022-11-05 01:00:00
26,30,Fear,1667520000,,2022-11-04 01:00:00
27,30,Fear,1667433600,,2022-11-03 01:00:00
28,30,Fear,1667347200,,2022-11-02 01:00:00
29,30,Fear,1667260800,,2022-11-01 01:00:00
30,31,Fear,1667174400,,2022-10-31 01:00:00
31,34,Fear,1667088000,,2022-10-30 02:00:00
32,34,Fear,1667001600,,2022-10-29 02:00:00
33,30,Fear,1666915200,,2022-10-28 02:00:00
34,32,Fear,1666828800,,2022-10-27 02:00:00
35,33,Fear,1666742400,,2022-10-26 02:00:00
36,20,Extreme Fear,1666656000,,2022-10-25 02:00:00
37,22,Extreme Fear,1666569600,,2022-10-24 02:00:00
38,23,Extreme Fear,1666483200,,2022-10-23 02:00:00
39,20,Extreme Fear,1666396800,,2022-10-22 02:00:00
40,23,Extreme Fear,1666310400,,2022-10-21 02:00:00
41,23,Extreme Fear,1666224000,,2022-10-20 02:00:00
42,23,Extreme Fear,1666137600,,2022-10-19 02:00:00
43,22,Extreme Fear,1666051200,,2022-10-18 02:00:00
44,20,Extreme Fear,1665964800,,2022-10-17 02:00:00
45,24,Extreme Fear,1665878400,,2022-10-16 02:00:00
46,24,Extreme Fear,1665792000,,2022-10-15 02:00:00
47,24,Extreme Fear,1665705600,,2022-10-14 02:00:00
48,20,Extreme Fear,1665619200,,2022-10-13 02:00:00
49,20,Extreme Fear,1665532800,,2022-10-12 02:00:00
50,24,Extreme Fear,1665446400,,2022-10-11 02:00:00
51,22,Extreme Fear,1665360000,,2022-10-10 02:00:00
52,22,Extreme Fear,1665273600,,2022-10-09 02:00:00
53,24,Extreme Fear,1665187200,,2022-10-08 02:00:00
54,23,Extreme Fear,1665100800,,2022-10-07 02:00:00
55,26,Fear,1665014400,,2022-10-06 02:00:00
56,25,Extreme Fear,1664928000,,2022-10-05 02:00:00
57,20,Extreme Fear,1664841600,,2022-10-04 02:00:00
58,24,Extreme Fear,1664755200,,2022-10-03 02:00:00
59,24,Extreme Fear,1664668800,,2022-10-02 02:00:00
60,20,Extreme Fear,1664582400,,2022-10-01 02:00:00
61,21,Extreme Fear,1664496000,,2022-09-30 02:00:00
62,22,Extreme Fear,1664409600,,2022-09-29 02:00:00
63,20,Extreme Fear,1664323200,,2022-09-28 02:00:00
64,20,Extreme Fear,1664236800,,2022-09-27 02:00:00
65,21,Extreme Fear,1664150400,,2022-09-26 02:00:00
66,24,Extreme Fear,1664064000,,2022-09-25 02:00:00
67,24,Extreme Fear,1663977600,,2022-09-24 02:00:00
68,20,Extreme Fear,1663891200,,2022-09-23 02:00:00
69,22,Extreme Fear,1663804800,,2022-09-22 02:00:00
70,23,Extreme Fear,1663718400,,2022-09-21 02:00:00
71,23,Extreme Fear,1663632000,,2022-09-20 02:00:00
72,21,Extreme Fear,1663545600,,2022-09-19 02:00:00
73,27,Fear,1663459200,,2022-09-18 02:00:00
74,22,Extreme Fear,1663372800,,2022-09-17 02:00:00
75,20,Extreme Fear,1663286400,,2022-09-16 02:00:00
76,28,Fear,1663200000,,2022-09-15 02:00:00
77,27,Fear,1663113600,,2022-09-14 02:00:00
78,34,Fear,1663027200,,2022-09-13 02:00:00
79,25,Extreme Fear,1662940800,,2022-09-12 02:00:00
80,26,Fear,1662854400,,2022-09-11 02:00:00
81,28,Fear,1662768000,,2022-09-10 02:00:00
82,22,Extreme Fear,1662681600,,2022-09-09 02:00:00
83,20,Extreme Fear,1662595200,,2022-09-08 02:00:00
84,24,Extreme Fear,1662508800,,2022-09-07 02:00:00
85,22,Extreme Fear,1662422400,,2022-09-06 02:00:00
86,23,Extreme Fear,1662336000,,2022-09-05 02:00:00
87,20,Extreme Fear,1662249600,,2022-09-04 02:00:00
88,21,Extreme Fear,1662163200,,2022-09-03 02:00:00
89,25,Extreme Fear,1662076800,,2022-09-02 02:00:00
90,20,Extreme Fear,1661990400,,2022-09-01 02:00:00
91,23,Extreme Fear,1661904000,,2022-08-31 02:00:00
92,27,Fear,1661817600,,2022-08-30 02:00:00
93,24,Extreme Fear,1661731200,,2022-08-29 02:00:00
94,28,Fear,1661644800,,2022-08-28 02:00:00
95,28,Fear,1661558400,,2022-08-27 02:00:00
96,27,Fear,1661472000,,2022-08-26 02:00:00
97,25,Extreme Fear,1661385600,,2022-08-25 02:00:00
98,25,Extreme Fear,1661299200,,2022-08-24 02:00:00
99,28,Fear,1661212800,,2022-08-23 02:00:00
100,29,Fear,1661126400,,2022-08-22 02:00:00
101,27,Fear,1661040000,,2022-08-21 02:00:00
102,29,Fear,1660953600,,2022-08-20 02:00:00
103,33,Fear,1660867200,,2022-08-19 02:00:00
104,30,Fear,1660780800,,2022-08-18 02:00:00
105,41,Fear,1660694400,,2022-08-17 02:00:00
106,44,Fear,1660608000,,2022-08-16 02:00:00
107,45,Fear,1660521600,,2022-08-15 02:00:00
108,47,Neutral,1660435200,,2022-08-14 02:00:00
109,46,Fear,1660348800,,2022-08-13 02:00:00
110,42,Fear,1660262400,,2022-08-12 02:00:00
111,41,Fear,1660176000,,2022-08-11 02:00:00
112,31,Fear,1660089600,,2022-08-10 02:00:00
113,42,Fear,1660003200,,2022-08-09 02:00:00
114,30,Fear,1659916800,,2022-08-08 02:00:00
115,30,Fear,1659830400,,2022-08-07 02:00:00
116,31,Fear,1659744000,,2022-08-06 02:00:00
117,31,Fear,1659657600,,2022-08-05 02:00:00
118,30,Fear,1659571200,,2022-08-04 02:00:00
119,34,Fear,1659484800,,2022-08-03 02:00:00
120,31,Fear,1659398400,,2022-08-02 02:00:00
121,33,Fear,1659312000,,2022-08-01 02:00:00
122,39,Fear,1659225600,,2022-07-31 02:00:00
123,42,Fear,1659139200,,2022-07-30 02:00:00
124,39,Fear,1659052800,,2022-07-29 02:00:00
125,32,Fear,1658966400,,2022-07-28 02:00:00
126,28,Fear,1658880000,,2022-07-27 02:00:00
127,26,Fear,1658793600,,2022-07-26 02:00:00
128,30,Fear,1658707200,,2022-07-25 02:00:00
129,30,Fear,1658620800,,2022-07-24 02:00:00
130,31,Fear,1658534400,,2022-07-23 02:00:00
131,33,Fear,1658448000,,2022-07-22 02:00:00
132,34,Fear,1658361600,,2022-07-21 02:00:00
133,31,Fear,1658275200,,2022-07-20 02:00:00
134,30,Fear,1658188800,,2022-07-19 02:00:00
135,20,Extreme Fear,1658102400,,2022-07-18 02:00:00
136,24,Extreme Fear,1658016000,,2022-07-17 02:00:00
137,21,Extreme Fear,1657929600,,2022-07-16 02:00:00
138,15,Extreme Fear,1657843200,,2022-07-15 02:00:00
139,18,Extreme Fear,1657756800,,2022-07-14 02:00:00
140,15,Extreme Fear,1657670400,,2022-07-13 02:00:00
141,16,Extreme Fear,1657584000,,2022-07-12 02:00:00
142,22,Extreme Fear,1657497600,,2022-07-11 02:00:00
143,24,Extreme Fear,1657411200,,2022-07-10 02:00:00
144,24,Extreme Fear,1657324800,,2022-07-09 02:00:00
145,20,Extreme Fear,1657238400,,2022-07-08 02:00:00
146,18,Extreme Fear,1657152000,,2022-07-07 02:00:00
147,18,Extreme Fear,1657065600,,2022-07-06 02:00:00
148,19,Extreme Fear,1656979200,,2022-07-05 02:00:00
149,14,Extreme Fear,1656892800,,2022-07-04 02:00:00
150,11,Extreme Fear,1656806400,,2022-07-03 02:00:00
151,14,Extreme Fear,1656720000,,2022-07-02 02:00:00
152,11,Extreme Fear,1656633600,,2022-07-01 02:00:00
153,11,Extreme Fear,1656547200,,2022-06-30 02:00:00
154,13,Extreme Fear,1656460800,,2022-06-29 02:00:00
155,10,Extreme Fear,1656374400,,2022-06-28 02:00:00
156,12,Extreme Fear,1656288000,,2022-06-27 02:00:00
157,14,Extreme Fear,1656201600,,2022-06-26 02:00:00
158,14,Extreme Fear,1656115200,,2022-06-25 02:00:00
159,11,Extreme Fear,1656028800,,2022-06-24 02:00:00
160,11,Extreme Fear,1655942400,,2022-06-23 02:00:00
161,11,Extreme Fear,1655856000,,2022-06-22 02:00:00
162,9,Extreme Fear,1655769600,,2022-06-21 02:00:00
163,9,Extreme Fear,1655683200,,2022-06-20 02:00:00
164,6,Extreme Fear,1655596800,,2022-06-19 02:00:00
165,6,Extreme Fear,1655510400,,2022-06-18 02:00:00
166,9,Extreme Fear,1655424000,,2022-06-17 02:00:00
167,7,Extreme Fear,1655337600,,2022-06-16 02:00:00
168,7,Extreme Fear,1655251200,,2022-06-15 02:00:00
169,8,Extreme Fear,1655164800,,2022-06-14 02:00:00
170,11,Extreme Fear,1655078400,,2022-06-13 02:00:00
171,14,Extreme Fear,1654992000,,2022-06-12 02:00:00
172,12,Extreme Fear,1654905600,,2022-06-11 02:00:00
173,13,Extreme Fear,1654819200,,2022-06-10 02:00:00
174,11,Extreme Fear,1654732800,,2022-06-09 02:00:00
175,17,Extreme Fear,1654646400,,2022-06-08 02:00:00
176,15,Extreme Fear,1654560000,,2022-06-07 02:00:00
177,13,Extreme Fear,1654473600,,2022-06-06 02:00:00
178,10,Extreme Fear,1654387200,,2022-06-05 02:00:00
179,14,Extreme Fear,1654300800,,2022-06-04 02:00:00
180,10,Extreme Fear,1654214400,,2022-06-03 02:00:00
181,13,Extreme Fear,1654128000,,2022-06-02 02:00:00
182,17,Extreme Fear,1654041600,,2022-06-01 02:00:00
183,16,Extreme Fear,1653955200,,2022-05-31 02:00:00
184,10,Extreme Fear,1653868800,,2022-05-30 02:00:00
185,14,Extreme Fear,1653782400,,2022-05-29 02:00:00
186,13,Extreme Fear,1653696000,,2022-05-28 02:00:00
187,12,Extreme Fear,1653609600,,2022-05-27 02:00:00
188,12,Extreme Fear,1653523200,,2022-05-26 02:00:00
189,11,Extreme Fear,1653436800,,2022-05-25 02:00:00
190,12,Extreme Fear,1653350400,,2022-05-24 02:00:00
191,10,Extreme Fear,1653264000,,2022-05-23 02:00:00
192,14,Extreme Fear,1653177600,,2022-05-22 02:00:00
193,13,Extreme Fear,1653091200,,2022-05-21 02:00:00
194,13,Extreme Fear,1653004800,,2022-05-20 02:00:00
195,13,Extreme Fear,1652918400,,2022-05-19 02:00:00
196,12,Extreme Fear,1652832000,,2022-05-18 02:00:00
197,8,Extreme Fear,1652745600,,2022-05-17 02:00:00
198,14,Extreme Fear,1652659200,,2022-05-16 02:00:00
199,10,Extreme Fear,1652572800,,2022-05-15 02:00:00
200,9,Extreme Fear,1652486400,,2022-05-14 02:00:00
201,10,Extreme Fear,1652400000,,2022-05-13 02:00:00
202,12,Extreme Fear,1652313600,,2022-05-12 02:00:00
203,12,Extreme Fear,1652227200,,2022-05-11 02:00:00
204,10,Extreme Fear,1652140800,,2022-05-10 02:00:00
205,11,Extreme Fear,1652054400,,2022-05-09 02:00:00
206,18,Extreme Fear,1651968000,,2022-05-08 02:00:00
207,23,Extreme Fear,1651881600,,2022-05-07 02:00:00
208,22,Extreme Fear,1651795200,,2022-05-06 02:00:00
209,27,Fear,1651708800,,2022-05-05 02:00:00
210,21,Extreme Fear,1651622400,,2022-05-04 02:00:00
211,27,Fear,1651536000,,2022-05-03 02:00:00
212,28,Fear,1651449600,,2022-05-02 02:00:00
213,22,Extreme Fear,1651363200,,2022-05-01 02:00:00
214,20,Extreme Fear,1651276800,,2022-04-30 02:00:00
215,23,Extreme Fear,1651190400,,2022-04-29 02:00:00
216,24,Extreme Fear,1651104000,,2022-04-28 02:00:00
217,21,Extreme Fear,1651017600,,2022-04-27 02:00:00
218,27,Fear,1650931200,,2022-04-26 02:00:00
219,23,Extreme Fear,1650844800,,2022-04-25 02:00:00
220,24,Extreme Fear,1650758400,,2022-04-24 02:00:00
221,24,Extreme Fear,1650672000,,2022-04-23 02:00:00
222,26,Fear,1650585600,,2022-04-22 02:00:00
223,27,Fear,1650499200,,2022-04-21 02:00:00
224,27,Fear,1650412800,,2022-04-20 02:00:00
225,27,Fear,1650326400,,2022-04-19 02:00:00
226,24,Extreme Fear,1650240000,,2022-04-18 02:00:00
227,28,Fear,1650153600,,2022-04-17 02:00:00
228,28,Fear,1650067200,,2022-04-16 02:00:00
229,22,Extreme Fear,1649980800,,2022-04-15 02:00:00
230,28,Fear,1649894400,,2022-04-14 02:00:00
231,25,Extreme Fear,1649808000,,2022-04-13 02:00:00
232,20,Extreme Fear,1649721600,,2022-04-12 02:00:00
233,32,Fear,1649635200,,2022-04-11 02:00:00
234,34,Fear,1649548800,,2022-04-10 02:00:00
235,30,Fear,1649462400,,2022-04-09 02:00:00
236,37,Fear,1649376000,,2022-04-08 02:00:00
237,34,Fear,1649289600,,2022-04-07 02:00:00
238,48,Neutral,1649203200,,2022-04-06 02:00:00
239,53,Neutral,1649116800,,2022-04-05 02:00:00
240,52,Neutral,1649030400,,2022-04-04 02:00:00
241,48,Neutral,1648944000,,2022-04-03 02:00:00
242,52,Neutral,1648857600,,2022-04-02 02:00:00
243,50,Neutral,1648771200,,2022-04-01 02:00:00
244,52,Neutral,1648684800,,2022-03-31 02:00:00
245,55,Greed,1648598400,,2022-03-30 02:00:00
246,56,Greed,1648512000,,2022-03-29 02:00:00
247,60,Greed,1648425600,,2022-03-28 02:00:00
248,49,Neutral,1648339200,,2022-03-27 01:00:00
249,51,Neutral,1648252800,,2022-03-26 01:00:00
250,47,Neutral,1648166400,,2022-03-25 01:00:00
251,40,Fear,1648080000,,2022-03-24 01:00:00
252,31,Fear,1647993600,,2022-03-23 01:00:00
253,26,Fear,1647907200,,2022-03-22 01:00:00
254,30,Fear,1647820800,,2022-03-21 01:00:00
255,31,Fear,1647734400,,2022-03-20 01:00:00
256,28,Fear,1647648000,,2022-03-19 01:00:00
257,25,Extreme Fear,1647561600,,2022-03-18 01:00:00
258,27,Fear,1647475200,,2022-03-17 01:00:00
259,24,Extreme Fear,1647388800,,2022-03-16 01:00:00
260,21,Extreme Fear,1647302400,,2022-03-15 01:00:00
261,23,Extreme Fear,1647216000,,2022-03-14 01:00:00
262,21,Extreme Fear,1647129600,,2022-03-13 01:00:00
263,22,Extreme Fear,1647043200,,2022-03-12 01:00:00
264,22,Extreme Fear,1646956800,,2022-03-11 01:00:00
265,28,Fear,1646870400,,2022-03-10 01:00:00
266,22,Extreme Fear,1646784000,,2022-03-09 01:00:00
267,21,Extreme Fear,1646697600,,2022-03-08 01:00:00
268,23,Extreme Fear,1646611200,,2022-03-07 01:00:00
269,22,Extreme Fear,1646524800,,2022-03-06 01:00:00
270,22,Extreme Fear,1646438400,,2022-03-05 01:00:00
271,33,Fear,1646352000,,2022-03-04 01:00:00
272,39,Fear,1646265600,,2022-03-03 01:00:00
273,52,Neutral,1646179200,,2022-03-02 01:00:00
274,51,Neutral,1646092800,,2022-03-01 01:00:00
275,20,Extreme Fear,1646006400,,2022-02-28 01:00:00
276,26,Fear,1645920000,,2022-02-27 01:00:00
277,26,Fear,1645833600,,2022-02-26 01:00:00
278,27,Fear,1645747200,,2022-02-25 01:00:00
279,23,Extreme Fear,1645660800,,2022-02-24 01:00:00
280,25,Extreme Fear,1645574400,,2022-02-23 01:00:00
281,20,Extreme Fear,1645488000,,2022-02-22 01:00:00
282,25,Extreme Fear,1645401600,,2022-02-21 01:00:00
283,27,Fear,1645315200,,2022-02-20 01:00:00
284,25,Extreme Fear,1645228800,,2022-02-19 01:00:00
285,30,Fear,1645142400,,2022-02-18 01:00:00
286,52,Neutral,1645056000,,2022-02-17 01:00:00
287,51,Neutral,1644969600,,2022-02-16 01:00:00
288,46,Fear,1644883200,,2022-02-15 01:00:00
289,46,Fear,1644796800,,2022-02-14 01:00:00
290,44,Fear,1644710400,,2022-02-13 01:00:00
291,44,Fear,1644624000,,2022-02-12 01:00:00
292,50,Neutral,1644537600,,2022-02-11 01:00:00
293,50,Neutral,1644451200,,2022-02-10 01:00:00
294,54,Neutral,1644364800,,2022-02-09 01:00:00
295,48,Neutral,1644278400,,2022-02-08 01:00:00
296,45,Fear,1644192000,,2022-02-07 01:00:00
297,37,Fear,1644105600,,2022-02-06 01:00:00
298,33,Fear,1644019200,,2022-02-05 01:00:00
299,20,Extreme Fear,1643932800,,2022-02-04 01:00:00
300,20,Extreme Fear,1643846400,,2022-02-03 01:00:00
301,28,Fear,1643760000,,2022-02-02 01:00:00
302,26,Fear,1643673600,,2022-02-01 01:00:00
303,20,Extreme Fear,1643587200,,2022-01-31 01:00:00
304,29,Fear,1643500800,,2022-01-30 01:00:00
305,24,Extreme Fear,1643414400,,2022-01-29 01:00:00
306,24,Extreme Fear,1643328000,,2022-01-28 01:00:00
307,20,Extreme Fear,1643241600,,2022-01-27 01:00:00
308,23,Extreme Fear,1643155200,,2022-01-26 01:00:00
309,12,Extreme Fear,1643068800,,2022-01-25 01:00:00
310,13,Extreme Fear,1642982400,,2022-01-24 01:00:00
311,11,Extreme Fear,1642896000,,2022-01-23 01:00:00
312,13,Extreme Fear,1642809600,,2022-01-22 01:00:00
313,19,Extreme Fear,1642723200,,2022-01-21 01:00:00
314,24,Extreme Fear,1642636800,,2022-01-20 01:00:00
315,24,Extreme Fear,1642550400,,2022-01-19 01:00:00
316,24,Extreme Fear,1642464000,,2022-01-18 01:00:00
317,22,Extreme Fear,1642377600,,2022-01-17 01:00:00
318,21,Extreme Fear,1642291200,,2022-01-16 01:00:00
319,23,Extreme Fear,1642204800,,2022-01-15 01:00:00
320,21,Extreme Fear,1642118400,,2022-01-14 01:00:00
321,21,Extreme Fear,1642032000,,2022-01-13 01:00:00
322,22,Extreme Fear,1641945600,,2022-01-12 01:00:00
323,21,Extreme Fear,1641859200,,2022-01-11 01:00:00
324,23,Extreme Fear,1641772800,,2022-01-10 01:00:00
325,23,Extreme Fear,1641686400,,2022-01-09 01:00:00
326,10,Extreme Fear,1641600000,,2022-01-08 01:00:00
327,18,Extreme Fear,1641513600,,2022-01-07 01:00:00
328,15,Extreme Fear,1641427200,,2022-01-06 01:00:00
329,24,Extreme Fear,1641340800,,2022-01-05 01:00:00
330,23,Extreme Fear,1641254400,,2022-01-04 01:00:00
331,29,Fear,1641168000,,2022-01-03 01:00:00
332,29,Fear,1641081600,,2022-01-02 01:00:00
333,21,Extreme Fear,1640995200,,2022-01-01 01:00:00
334,28,Fear,1640908800,,2021-12-31 01:00:00
335,22,Extreme Fear,1640822400,,2021-12-30 01:00:00
336,27,Fear,1640736000,,2021-12-29 01:00:00
337,41,Fear,1640649600,,2021-12-28 01:00:00
338,40,Fear,1640563200,,2021-12-27 01:00:00
339,37,Fear,1640476800,,2021-12-26 01:00:00
340,39,Fear,1640390400,,2021-12-25 01:00:00
341,41,Fear,1640304000,,2021-12-24 01:00:00
342,34,Fear,1640217600,,2021-12-23 01:00:00
343,45,Fear,1640131200,,2021-12-22 01:00:00
344,27,Fear,1640044800,,2021-12-21 01:00:00
345,25,Extreme Fear,1639958400,,2021-12-20 01:00:00
346,29,Fear,1639872000,,2021-12-19 01:00:00
347,24,Extreme Fear,1639785600,,2021-12-18 01:00:00
348,23,Extreme Fear,1639699200,,2021-12-17 01:00:00
349,29,Fear,1639612800,,2021-12-16 01:00:00
350,28,Fear,1639526400,,2021-12-15 01:00:00
351,21,Extreme Fear,1639440000,,2021-12-14 01:00:00
352,28,Fear,1639353600,,2021-12-13 01:00:00
353,27,Fear,1639267200,,2021-12-12 01:00:00
354,16,Extreme Fear,1639180800,,2021-12-11 01:00:00
355,24,Extreme Fear,1639094400,,2021-12-10 01:00:00
356,29,Fear,1639008000,,2021-12-09 01:00:00
357,28,Fear,1638921600,,2021-12-08 01:00:00
358,25,Extreme Fear,1638835200,,2021-12-07 01:00:00
359,16,Extreme Fear,1638748800,,2021-12-06 01:00:00
360,18,Extreme Fear,1638662400,,2021-12-05 01:00:00
361,25,Extreme Fear,1638576000,,2021-12-04 01:00:00
362,31,Fear,1638489600,,2021-12-03 01:00:00
363,32,Fear,1638403200,,2021-12-02 01:00:00
364,34,Fear,1638316800,,2021-12-01 01:00:00
365,40,Fear,1638230400,,2021-11-30 01:00:00
366,33,Fear,1638144000,,2021-11-29 01:00:00
367,27,Fear,1638057600,,2021-11-28 01:00:00
368,21,Extreme Fear,1637971200,,2021-11-27 01:00:00
369,47,Neutral,1637884800,,2021-11-26 01:00:00
370,32,Fear,1637798400,,2021-11-25 01:00:00
371,42,Fear,1637712000,,2021-11-24 01:00:00
372,33,Fear,1637625600,,2021-11-23 01:00:00
373,50,Neutral,1637539200,,2021-11-22 01:00:00
374,49,Neutral,1637452800,,2021-11-21 01:00:00
375,43,Fear,1637366400,,2021-11-20 01:00:00
376,34,Fear,1637280000,,2021-11-19 01:00:00
377,54,Neutral,1637193600,,2021-11-18 01:00:00
378,52,Neutral,1637107200,,2021-11-17 01:00:00
379,71,Greed,1637020800,,2021-11-16 01:00:00
380,72,Greed,1636934400,,2021-11-15 01:00:00
381,74,Greed,1636848000,,2021-11-14 01:00:00
382,72,Greed,1636761600,,2021-11-13 01:00:00
383,74,Greed,1636675200,,2021-11-12 01:00:00
384,77,Extreme Greed,1636588800,,2021-11-11 01:00:00
385,75,Greed,1636502400,,2021-11-10 01:00:00
386,84,Extreme Greed,1636416000,,2021-11-09 01:00:00
387,75,Greed,1636329600,,2021-11-08 01:00:00
388,73,Greed,1636243200,,2021-11-07 01:00:00
389,71,Greed,1636156800,,2021-11-06 01:00:00
390,73,Greed,1636070400,,2021-11-05 01:00:00
391,73,Greed,1635984000,,2021-11-04 01:00:00
392,76,Extreme Greed,1635897600,,2021-11-03 01:00:00
393,73,Greed,1635811200,,2021-11-02 01:00:00
394,74,Greed,1635724800,,2021-11-01 01:00:00
395,74,Greed,1635638400,,2021-10-31 02:00:00
396,73,Greed,1635552000,,2021-10-30 02:00:00
397,70,Greed,1635465600,,2021-10-29 02:00:00
398,66,Greed,1635379200,,2021-10-28 02:00:00
399,73,Greed,1635292800,,2021-10-27 02:00:00
400,76,Extreme Greed,1635206400,,2021-10-26 02:00:00
401,72,Greed,1635120000,,2021-10-25 02:00:00
402,73,Greed,1635033600,,2021-10-24 02:00:00
403,74,Greed,1634947200,,2021-10-23 02:00:00
404,75,Greed,1634860800,,2021-10-22 02:00:00
405,84,Extreme Greed,1634774400,,2021-10-21 02:00:00
406,82,Extreme Greed,1634688000,,2021-10-20 02:00:00
407,75,Greed,1634601600,,2021-10-19 02:00:00
408,78,Extreme Greed,1634515200,,2021-10-18 02:00:00
409,79,Extreme Greed,1634428800,,2021-10-17 02:00:00
410,78,Extreme Greed,1634342400,,2021-10-16 02:00:00
411,71,Greed,1634256000,,2021-10-15 02:00:00
412,70,Greed,1634169600,,2021-10-14 02:00:00
413,70,Greed,1634083200,,2021-10-13 02:00:00
414,78,Extreme Greed,1633996800,,2021-10-12 02:00:00
415,71,Greed,1633910400,,2021-10-11 02:00:00
416,71,Greed,1633824000,,2021-10-10 02:00:00
417,72,Greed,1633737600,,2021-10-09 02:00:00
418,74,Greed,1633651200,,2021-10-08 02:00:00
419,76,Extreme Greed,1633564800,,2021-10-07 02:00:00
420,68,Greed,1633478400,,2021-10-06 02:00:00
421,59,Greed,1633392000,,2021-10-05 02:00:00
422,54,Neutral,1633305600,,2021-10-04 02:00:00
423,49,Neutral,1633219200,,2021-10-03 02:00:00
424,54,Neutral,1633132800,,2021-10-02 02:00:00
425,27,Fear,1633046400,,2021-10-01 02:00:00
426,20,Extreme Fear,1632960000,,2021-09-30 02:00:00
427,24,Extreme Fear,1632873600,,2021-09-29 02:00:00
428,25,Extreme Fear,1632787200,,2021-09-28 02:00:00
429,26,Fear,1632700800,,2021-09-27 02:00:00
430,27,Fear,1632614400,,2021-09-26 02:00:00
431,28,Fear,1632528000,,2021-09-25 02:00:00
432,33,Fear,1632441600,,2021-09-24 02:00:00
433,27,Fear,1632355200,,2021-09-23 02:00:00
434,21,Extreme Fear,1632268800,,2021-09-22 02:00:00
435,27,Fear,1632182400,,2021-09-21 02:00:00
436,50,Neutral,1632096000,,2021-09-20 02:00:00
437,53,Neutral,1632009600,,2021-09-19 02:00:00
438,50,Neutral,1631923200,,2021-09-18 02:00:00
439,48,Neutral,1631836800,,2021-09-17 02:00:00
440,53,Neutral,1631750400,,2021-09-16 02:00:00
441,49,Neutral,1631664000,,2021-09-15 02:00:00
442,30,Fear,1631577600,,2021-09-14 02:00:00
443,44,Fear,1631491200,,2021-09-13 02:00:00
444,32,Fear,1631404800,,2021-09-12 02:00:00
445,31,Fear,1631318400,,2021-09-11 02:00:00
446,46,Fear,1631232000,,2021-09-10 02:00:00
447,45,Fear,1631145600,,2021-09-09 02:00:00
448,47,Neutral,1631059200,,2021-09-08 02:00:00
449,79,Extreme Greed,1630972800,,2021-09-07 02:00:00
450,79,Extreme Greed,1630886400,,2021-09-06 02:00:00
451,73,Greed,1630800000,,2021-09-05 02:00:00
452,72,Greed,1630713600,,2021-09-04 02:00:00
453,74,Greed,1630627200,,2021-09-03 02:00:00
454,74,Greed,1630540800,,2021-09-02 02:00:00
455,71,Greed,1630454400,,2021-09-01 02:00:00
456,73,Greed,1630368000,,2021-08-31 02:00:00
457,73,Greed,1630281600,,2021-08-30 02:00:00
458,72,Greed,1630195200,,2021-08-29 02:00:00
459,78,Extreme Greed,1630108800,,2021-08-28 02:00:00
460,71,Greed,1630022400,,2021-08-27 02:00:00
461,75,Greed,1629936000,,2021-08-26 02:00:00
462,73,Greed,1629849600,,2021-08-25 02:00:00
463,79,Extreme Greed,1629763200,,2021-08-24 02:00:00
464,79,Extreme Greed,1629676800,,2021-08-23 02:00:00
465,76,Extreme Greed,1629590400,,2021-08-22 02:00:00
466,78,Extreme Greed,1629504000,,2021-08-21 02:00:00
467,70,Greed,1629417600,,2021-08-20 02:00:00
468,70,Greed,1629331200,,2021-08-19 02:00:00
469,73,Greed,1629244800,,2021-08-18 02:00:00
470,72,Greed,1629158400,,2021-08-17 02:00:00
471,72,Greed,1629072000,,2021-08-16 02:00:00
472,71,Greed,1628985600,,2021-08-15 02:00:00
473,76,Extreme Greed,1628899200,,2021-08-14 02:00:00
474,70,Greed,1628812800,,2021-08-13 02:00:00
475,70,Greed,1628726400,,2021-08-12 02:00:00
476,70,Greed,1628640000,,2021-08-11 02:00:00
477,71,Greed,1628553600,,2021-08-10 02:00:00
478,65,Greed,1628467200,,2021-08-09 02:00:00
479,74,Greed,1628380800,,2021-08-08 02:00:00
480,69,Greed,1628294400,,2021-08-07 02:00:00
481,52,Neutral,1628208000,,2021-08-06 02:00:00
482,50,Neutral,1628121600,,2021-08-05 02:00:00
483,42,Fear,1628035200,,2021-08-04 02:00:00
484,48,Neutral,1627948800,,2021-08-03 02:00:00
485,48,Neutral,1627862400,,2021-08-02 02:00:00
486,60,Greed,1627776000,,2021-08-01 02:00:00
487,60,Greed,1627689600,,2021-07-31 02:00:00
488,53,Neutral,1627603200,,2021-07-30 02:00:00
489,50,Neutral,1627516800,,2021-07-29 02:00:00
490,50,Neutral,1627430400,,2021-07-28 02:00:00
491,32,Fear,1627344000,,2021-07-27 02:00:00
492,26,Fear,1627257600,,2021-07-26 02:00:00
493,27,Fear,1627171200,,2021-07-25 02:00:00
494,22,Extreme Fear,1627084800,,2021-07-24 02:00:00
495,23,Extreme Fear,1626998400,,2021-07-23 02:00:00
496,21,Extreme Fear,1626912000,,2021-07-22 02:00:00
497,10,Extreme Fear,1626825600,,2021-07-21 02:00:00
498,19,Extreme Fear,1626739200,,2021-07-20 02:00:00
499,24,Extreme Fear,1626652800,,2021-07-19 02:00:00
500,19,Extreme Fear,1626566400,,2021-07-18 02:00:00
501,15,Extreme Fear,1626480000,,2021-07-17 02:00:00
502,22,Extreme Fear,1626393600,,2021-07-16 02:00:00
503,20,Extreme Fear,1626307200,,2021-07-15 02:00:00
504,21,Extreme Fear,1626220800,,2021-07-14 02:00:00
505,20,Extreme Fear,1626134400,,2021-07-13 02:00:00
506,25,Extreme Fear,1626048000,,2021-07-12 02:00:00
507,20,Extreme Fear,1625961600,,2021-07-11 02:00:00
508,20,Extreme Fear,1625875200,,2021-07-10 02:00:00
509,20,Extreme Fear,1625788800,,2021-07-09 02:00:00
510,20,Extreme Fear,1625702400,,2021-07-08 02:00:00
511,28,Fear,1625616000,,2021-07-07 02:00:00
512,20,Extreme Fear,1625529600,,2021-07-06 02:00:00
513,29,Fear,1625443200,,2021-07-05 02:00:00
514,27,Fear,1625356800,,2021-07-04 02:00:00
515,24,Extreme Fear,1625270400,,2021-07-03 02:00:00
516,21,Extreme Fear,1625184000,,2021-07-02 02:00:00
517,28,Fear,1625097600,,2021-07-01 02:00:00
518,28,Fear,1625011200,,2021-06-30 02:00:00
519,25,Extreme Fear,1624924800,,2021-06-29 02:00:00
520,25,Extreme Fear,1624838400,,2021-06-28 02:00:00
521,22,Extreme Fear,1624752000,,2021-06-27 02:00:00
522,20,Extreme Fear,1624665600,,2021-06-26 02:00:00
523,27,Fear,1624579200,,2021-06-25 02:00:00
524,22,Extreme Fear,1624492800,,2021-06-24 02:00:00
525,14,Extreme Fear,1624406400,,2021-06-23 02:00:00
526,10,Extreme Fear,1624320000,,2021-06-22 02:00:00
527,23,Extreme Fear,1624233600,,2021-06-21 02:00:00
528,21,Extreme Fear,1624147200,,2021-06-20 02:00:00
529,23,Extreme Fear,1624060800,,2021-06-19 02:00:00
530,25,Extreme Fear,1623974400,,2021-06-18 02:00:00
531,26,Fear,1623888000,,2021-06-17 02:00:00
532,33,Fear,1623801600,,2021-06-16 02:00:00
533,38,Fear,1623715200,,2021-06-15 02:00:00
534,28,Fear,1623628800,,2021-06-14 02:00:00
535,23,Extreme Fear,1623542400,,2021-06-13 02:00:00
536,28,Fear,1623456000,,2021-06-12 02:00:00
537,21,Extreme Fear,1623369600,,2021-06-11 02:00:00
538,21,Extreme Fear,1623283200,,2021-06-10 02:00:00
539,14,Extreme Fear,1623196800,,2021-06-09 02:00:00
540,13,Extreme Fear,1623110400,,2021-06-08 02:00:00
541,15,Extreme Fear,1623024000,,2021-06-07 02:00:00
542,17,Extreme Fear,1622937600,,2021-06-06 02:00:00
543,24,Extreme Fear,1622851200,,2021-06-05 02:00:00
544,27,Fear,1622764800,,2021-06-04 02:00:00
545,24,Extreme Fear,1622678400,,2021-06-03 02:00:00
546,23,Extreme Fear,1622592000,,2021-06-02 02:00:00
547,20,Extreme Fear,1622505600,,2021-06-01 02:00:00
548,18,Extreme Fear,1622419200,,2021-05-31 02:00:00
549,10,Extreme Fear,1622332800,,2021-05-30 02:00:00
550,18,Extreme Fear,1622246400,,2021-05-29 02:00:00
551,21,Extreme Fear,1622160000,,2021-05-28 02:00:00
552,27,Fear,1622073600,,2021-05-27 02:00:00
553,22,Extreme Fear,1621987200,,2021-05-26 02:00:00
554,22,Extreme Fear,1621900800,,2021-05-25 02:00:00
555,10,Extreme Fear,1621814400,,2021-05-24 02:00:00
556,14,Extreme Fear,1621728000,,2021-05-23 02:00:00
557,12,Extreme Fear,1621641600,,2021-05-22 02:00:00
558,19,Extreme Fear,1621555200,,2021-05-21 02:00:00
559,11,Extreme Fear,1621468800,,2021-05-20 02:00:00
560,23,Extreme Fear,1621382400,,2021-05-19 02:00:00
561,21,Extreme Fear,1621296000,,2021-05-18 02:00:00
562,27,Fear,1621209600,,2021-05-17 02:00:00
563,20,Extreme Fear,1621123200,,2021-05-16 02:00:00
564,27,Fear,1621036800,,2021-05-15 02:00:00
565,26,Fear,1620950400,,2021-05-14 02:00:00
566,31,Fear,1620864000,,2021-05-13 02:00:00
567,68,Greed,1620777600,,2021-05-12 02:00:00
568,61,Greed,1620691200,,2021-05-11 02:00:00
569,72,Greed,1620604800,,2021-05-10 02:00:00
570,73,Greed,1620518400,,2021-05-09 02:00:00
571,67,Greed,1620432000,,2021-05-08 02:00:00
572,64,Greed,1620345600,,2021-05-07 02:00:00
573,65,Greed,1620259200,,2021-05-06 02:00:00
574,48,Neutral,1620172800,,2021-05-05 02:00:00
575,68,Greed,1620086400,,2021-05-04 02:00:00
576,61,Greed,1620000000,,2021-05-03 02:00:00
577,66,Greed,1619913600,,2021-05-02 02:00:00
578,68,Greed,1619827200,,2021-05-01 02:00:00
579,51,Neutral,1619740800,,2021-04-30 02:00:00
580,52,Neutral,1619654400,,2021-04-29 02:00:00
581,59,Greed,1619568000,,2021-04-28 02:00:00
582,50,Neutral,1619481600,,2021-04-27 02:00:00
583,27,Fear,1619395200,,2021-04-26 02:00:00
584,31,Fear,1619308800,,2021-04-25 02:00:00
585,37,Fear,1619222400,,2021-04-24 02:00:00
586,55,Greed,1619136000,,2021-04-23 02:00:00
587,65,Greed,1619049600,,2021-04-22 02:00:00
588,73,Greed,1618963200,,2021-04-21 02:00:00
589,73,Greed,1618876800,,2021-04-20 02:00:00
590,74,Greed,1618790400,,2021-04-19 02:00:00
591,79,Extreme Greed,1618704000,,2021-04-18 02:00:00
592,76,Extreme Greed,1618617600,,2021-04-17 02:00:00
593,78,Extreme Greed,1618531200,,2021-04-16 02:00:00
594,79,Extreme Greed,1618444800,,2021-04-15 02:00:00
595,75,Greed,1618358400,,2021-04-14 02:00:00
596,74,Greed,1618272000,,2021-04-13 02:00:00
597,74,Greed,1618185600,,2021-04-12 02:00:00
598,76,Extreme Greed,1618099200,,2021-04-11 02:00:00
599,70,Greed,1618012800,,2021-04-10 02:00:00
600,70,Greed,1617926400,,2021-04-09 02:00:00
601,73,Greed,1617840000,,2021-04-08 02:00:00
602,72,Greed,1617753600,,2021-04-07 02:00:00
603,75,Greed,1617667200,,2021-04-06 02:00:00
604,71,Greed,1617580800,,2021-04-05 02:00:00
605,74,Greed,1617494400,,2021-04-04 02:00:00
606,73,Greed,1617408000,,2021-04-03 02:00:00
607,74,Greed,1617321600,,2021-04-02 02:00:00
608,74,Greed,1617235200,,2021-04-01 02:00:00
609,76,Extreme Greed,1617148800,,2021-03-31 02:00:00
610,72,Greed,1617062400,,2021-03-30 02:00:00
611,72,Greed,1616976000,,2021-03-29 02:00:00
612,74,Greed,1616889600,,2021-03-28 01:00:00
613,65,Greed,1616803200,,2021-03-27 01:00:00
614,54,Neutral,1616716800,,2021-03-26 01:00:00
615,60,Greed,1616630400,,2021-03-25 01:00:00
616,65,Greed,1616544000,,2021-03-24 01:00:00
617,66,Greed,1616457600,,2021-03-23 01:00:00
618,70,Greed,1616371200,,2021-03-22 01:00:00
619,73,Greed,1616284800,,2021-03-21 01:00:00
620,75,Greed,1616198400,,2021-03-20 01:00:00
621,71,Greed,1616112000,,2021-03-19 01:00:00
622,72,Greed,1616025600,,2021-03-18 01:00:00
623,71,Greed,1615939200,,2021-03-17 01:00:00
624,71,Greed,1615852800,,2021-03-16 01:00:00
625,76,Extreme Greed,1615766400,,2021-03-15 01:00:00
626,78,Extreme Greed,1615680000,,2021-03-14 01:00:00
627,74,Greed,1615593600,,2021-03-13 01:00:00
628,70,Greed,1615507200,,2021-03-12 01:00:00
629,73,Greed,1615420800,,2021-03-11 01:00:00
630,68,Greed,1615334400,,2021-03-10 01:00:00
631,81,Extreme Greed,1615248000,,2021-03-09 01:00:00
632,81,Extreme Greed,1615161600,,2021-03-08 01:00:00
633,76,Extreme Greed,1615075200,,2021-03-07 01:00:00
634,77,Extreme Greed,1614988800,,2021-03-06 01:00:00
635,77,Extreme Greed,1614902400,,2021-03-05 01:00:00
636,84,Extreme Greed,1614816000,,2021-03-04 01:00:00
637,78,Extreme Greed,1614729600,,2021-03-03 01:00:00
638,78,Extreme Greed,1614643200,,2021-03-02 01:00:00
639,38,Fear,1614556800,,2021-03-01 01:00:00
640,55,Greed,1614470400,,2021-02-28 01:00:00
641,56,Greed,1614384000,,2021-02-27 01:00:00
642,55,Greed,1614297600,,2021-02-26 01:00:00
643,79,Extreme Greed,1614211200,,2021-02-25 01:00:00
644,76,Extreme Greed,1614124800,,2021-02-24 01:00:00
645,94,Extreme Greed,1614038400,,2021-02-23 01:00:00
646,94,Extreme Greed,1613952000,,2021-02-22 01:00:00
647,91,Extreme Greed,1613865600,,2021-02-21 01:00:00
648,91,Extreme Greed,1613779200,,2021-02-20 01:00:00
649,93,Extreme Greed,1613692800,,2021-02-19 01:00:00
650,91,Extreme Greed,1613606400,,2021-02-18 01:00:00
651,95,Extreme Greed,1613520000,,2021-02-17 01:00:00
652,95,Extreme Greed,1613433600,,2021-02-16 01:00:00
653,93,Extreme Greed,1613347200,,2021-02-15 01:00:00
654,95,Extreme Greed,1613260800,,2021-02-14 01:00:00
655,92,Extreme Greed,1613174400,,2021-02-13 01:00:00
656,92,Extreme Greed,1613088000,,2021-02-12 01:00:00
657,93,Extreme Greed,1613001600,,2021-02-11 01:00:00
658,92,Extreme Greed,1612915200,,2021-02-10 01:00:00
659,95,Extreme Greed,1612828800,,2021-02-09 01:00:00
660,83,Extreme Greed,1612742400,,2021-02-08 01:00:00
661,86,Extreme Greed,1612656000,,2021-02-07 01:00:00
662,84,Extreme Greed,1612569600,,2021-02-06 01:00:00
663,81,Extreme Greed,1612483200,,2021-02-05 01:00:00
664,80,Extreme Greed,1612396800,,2021-02-04 01:00:00
665,78,Extreme Greed,1612310400,,2021-02-03 01:00:00
666,76,Extreme Greed,1612224000,,2021-02-02 01:00:00
667,77,Extreme Greed,1612137600,,2021-02-01 01:00:00
668,78,Extreme Greed,1612051200,,2021-01-31 01:00:00
669,76,Extreme Greed,1611964800,,2021-01-30 01:00:00
670,77,Extreme Greed,1611878400,,2021-01-29 01:00:00
671,55,Greed,1611792000,,2021-01-28 01:00:00
672,78,Extreme Greed,1611705600,,2021-01-27 01:00:00
673,71,Greed,1611619200,,2021-01-26 01:00:00
674,74,Greed,1611532800,,2021-01-25 01:00:00
675,70,Greed,1611446400,,2021-01-24 01:00:00
676,74,Greed,1611360000,,2021-01-23 01:00:00
677,40,Fear,1611273600,,2021-01-22 01:00:00
678,75,Greed,1611187200,,2021-01-21 01:00:00
679,78,Extreme Greed,1611100800,,2021-01-20 01:00:00
680,80,Extreme Greed,1611014400,,2021-01-19 01:00:00
681,79,Extreme Greed,1610928000,,2021-01-18 01:00:00
682,79,Extreme Greed,1610841600,,2021-01-17 01:00:00
683,84,Extreme Greed,1610755200,,2021-01-16 01:00:00
684,88,Extreme Greed,1610668800,,2021-01-15 01:00:00
685,83,Extreme Greed,1610582400,,2021-01-14 01:00:00
686,78,Extreme Greed,1610496000,,2021-01-13 01:00:00
687,84,Extreme Greed,1610409600,,2021-01-12 01:00:00
688,90,Extreme Greed,1610323200,,2021-01-11 01:00:00
689,94,Extreme Greed,1610236800,,2021-01-10 01:00:00
690,93,Extreme Greed,1610150400,,2021-01-09 01:00:00
691,93,Extreme Greed,1610064000,,2021-01-08 01:00:00
692,91,Extreme Greed,1609977600,,2021-01-07 01:00:00
693,95,Extreme Greed,1609891200,,2021-01-06 01:00:00
694,93,Extreme Greed,1609804800,,2021-01-05 01:00:00
695,94,Extreme Greed,1609718400,,2021-01-04 01:00:00
696,93,Extreme Greed,1609632000,,2021-01-03 01:00:00
697,94,Extreme Greed,1609545600,,2021-01-02 01:00:00
698,94,Extreme Greed,1609459200,,2021-01-01 01:00:00
699,95,Extreme Greed,1609372800,,2020-12-31 01:00:00
700,91,Extreme Greed,1609286400,,2020-12-30 01:00:00
701,91,Extreme Greed,1609200000,,2020-12-29 01:00:00
702,92,Extreme Greed,1609113600,,2020-12-28 01:00:00
703,91,Extreme Greed,1609027200,,2020-12-27 01:00:00
704,93,Extreme Greed,1608940800,,2020-12-26 01:00:00
705,94,Extreme Greed,1608854400,,2020-12-25 01:00:00
706,86,Extreme Greed,1608768000,,2020-12-24 01:00:00
707,93,Extreme Greed,1608681600,,2020-12-23 01:00:00
708,88,Extreme Greed,1608595200,,2020-12-22 01:00:00
709,92,Extreme Greed,1608508800,,2020-12-21 01:00:00
710,92,Extreme Greed,1608422400,,2020-12-20 01:00:00
711,93,Extreme Greed,1608336000,,2020-12-19 01:00:00
712,95,Extreme Greed,1608249600,,2020-12-18 01:00:00
713,92,Extreme Greed,1608163200,,2020-12-17 01:00:00
714,92,Extreme Greed,1608076800,,2020-12-16 01:00:00
715,91,Extreme Greed,1607990400,,2020-12-15 01:00:00
716,95,Extreme Greed,1607904000,,2020-12-14 01:00:00
717,91,Extreme Greed,1607817600,,2020-12-13 01:00:00
718,90,Extreme Greed,1607731200,,2020-12-12 01:00:00
719,89,Extreme Greed,1607644800,,2020-12-11 01:00:00
720,94,Extreme Greed,1607558400,,2020-12-10 01:00:00
721,86,Extreme Greed,1607472000,,2020-12-09 01:00:00
722,95,Extreme Greed,1607385600,,2020-12-08 01:00:00
723,94,Extreme Greed,1607299200,,2020-12-07 01:00:00
724,95,Extreme Greed,1607212800,,2020-12-06 01:00:00
725,93,Extreme Greed,1607126400,,2020-12-05 01:00:00
726,92,Extreme Greed,1607040000,,2020-12-04 01:00:00
727,92,Extreme Greed,1606953600,,2020-12-03 01:00:00
728,92,Extreme Greed,1606867200,,2020-12-02 01:00:00
729,95,Extreme Greed,1606780800,,2020-12-01 01:00:00
730,88,Extreme Greed,1606694400,,2020-11-30 01:00:00
731,89,Extreme Greed,1606608000,,2020-11-29 01:00:00
732,87,Extreme Greed,1606521600,,2020-11-28 01:00:00
733,86,Extreme Greed,1606435200,,2020-11-27 01:00:00
734,93,Extreme Greed,1606348800,,2020-11-26 01:00:00
735,94,Extreme Greed,1606262400,,2020-11-25 01:00:00
736,88,Extreme Greed,1606176000,,2020-11-24 01:00:00
737,90,Extreme Greed,1606089600,,2020-11-23 01:00:00
738,94,Extreme Greed,1606003200,,2020-11-22 01:00:00
739,91,Extreme Greed,1605916800,,2020-11-21 01:00:00
740,86,Extreme Greed,1605830400,,2020-11-20 01:00:00
741,94,Extreme Greed,1605744000,,2020-11-19 01:00:00
742,91,Extreme Greed,1605657600,,2020-11-18 01:00:00
743,86,Extreme Greed,1605571200,,2020-11-17 01:00:00
744,90,Extreme Greed,1605484800,,2020-11-16 01:00:00
745,86,Extreme Greed,1605398400,,2020-11-15 01:00:00
746,90,Extreme Greed,1605312000,,2020-11-14 01:00:00
747,89,Extreme Greed,1605225600,,2020-11-13 01:00:00
748,87,Extreme Greed,1605139200,,2020-11-12 01:00:00
749,86,Extreme Greed,1605052800,,2020-11-11 01:00:00
750,90,Extreme Greed,1604966400,,2020-11-10 01:00:00
751,90,Extreme Greed,1604880000,,2020-11-09 01:00:00
752,82,Extreme Greed,1604793600,,2020-11-08 01:00:00
753,88,Extreme Greed,1604707200,,2020-11-07 01:00:00
754,90,Extreme Greed,1604620800,,2020-11-06 01:00:00
755,72,Greed,1604534400,,2020-11-05 01:00:00
756,74,Greed,1604448000,,2020-11-04 01:00:00
757,71,Greed,1604361600,,2020-11-03 01:00:00
758,71,Greed,1604275200,,2020-11-02 01:00:00
759,72,Greed,1604188800,,2020-11-01 01:00:00
760,73,Greed,1604102400,,2020-10-31 01:00:00
761,74,Greed,1604016000,,2020-10-30 01:00:00
762,67,Greed,1603929600,,2020-10-29 01:00:00
763,70,Greed,1603843200,,2020-10-28 01:00:00
764,61,Greed,1603756800,,2020-10-27 01:00:00
765,75,Greed,1603670400,,2020-10-26 01:00:00
766,76,Extreme Greed,1603584000,,2020-10-25 02:00:00
767,73,Greed,1603497600,,2020-10-24 02:00:00
768,74,Greed,1603411200,,2020-10-23 02:00:00
769,73,Greed,1603324800,,2020-10-22 02:00:00
770,61,Greed,1603238400,,2020-10-21 02:00:00
771,56,Greed,1603152000,,2020-10-20 02:00:00
772,55,Greed,1603065600,,2020-10-19 02:00:00
773,55,Greed,1602979200,,2020-10-18 02:00:00
774,56,Greed,1602892800,,2020-10-17 02:00:00
775,52,Neutral,1602806400,,2020-10-16 02:00:00
776,56,Greed,1602720000,,2020-10-15 02:00:00
777,53,Neutral,1602633600,,2020-10-14 02:00:00
778,56,Greed,1602547200,,2020-10-13 02:00:00
779,52,Neutral,1602460800,,2020-10-12 02:00:00
780,55,Greed,1602374400,,2020-10-11 02:00:00
781,53,Neutral,1602288000,,2020-10-10 02:00:00
782,48,Neutral,1602201600,,2020-10-09 02:00:00
783,46,Fear,1602115200,,2020-10-08 02:00:00
784,43,Fear,1602028800,,2020-10-07 02:00:00
785,47,Neutral,1601942400,,2020-10-06 02:00:00
786,42,Fear,1601856000,,2020-10-05 02:00:00
787,42,Fear,1601769600,,2020-10-04 02:00:00
788,40,Fear,1601683200,,2020-10-03 02:00:00
789,41,Fear,1601596800,,2020-10-02 02:00:00
790,45,Fear,1601510400,,2020-10-01 02:00:00
791,49,Neutral,1601424000,,2020-09-30 02:00:00
792,45,Fear,1601337600,,2020-09-29 02:00:00
793,43,Fear,1601251200,,2020-09-28 02:00:00
794,47,Neutral,1601164800,,2020-09-27 02:00:00
795,45,Fear,1601078400,,2020-09-26 02:00:00
796,46,Fear,1600992000,,2020-09-25 02:00:00
797,39,Fear,1600905600,,2020-09-24 02:00:00
798,43,Fear,1600819200,,2020-09-23 02:00:00
799,39,Fear,1600732800,,2020-09-22 02:00:00
800,48,Neutral,1600646400,,2020-09-21 02:00:00
801,52,Neutral,1600560000,,2020-09-20 02:00:00
802,48,Neutral,1600473600,,2020-09-19 02:00:00
803,49,Neutral,1600387200,,2020-09-18 02:00:00
804,48,Neutral,1600300800,,2020-09-17 02:00:00
805,43,Fear,1600214400,,2020-09-16 02:00:00
806,47,Neutral,1600128000,,2020-09-15 02:00:00
807,39,Fear,1600041600,,2020-09-14 02:00:00
808,38,Fear,1599955200,,2020-09-13 02:00:00
809,41,Fear,1599868800,,2020-09-12 02:00:00
810,41,Fear,1599782400,,2020-09-11 02:00:00
811,38,Fear,1599696000,,2020-09-10 02:00:00
812,38,Fear,1599609600,,2020-09-09 02:00:00
813,41,Fear,1599523200,,2020-09-08 02:00:00
814,41,Fear,1599436800,,2020-09-07 02:00:00
815,41,Fear,1599350400,,2020-09-06 02:00:00
816,41,Fear,1599264000,,2020-09-05 02:00:00
817,40,Fear,1599177600,,2020-09-04 02:00:00
818,79,Extreme Greed,1599091200,,2020-09-03 02:00:00
819,83,Extreme Greed,1599004800,,2020-09-02 02:00:00
820,75,Greed,1598918400,,2020-09-01 02:00:00
821,75,Greed,1598832000,,2020-08-31 02:00:00
822,75,Greed,1598745600,,2020-08-30 02:00:00
823,79,Extreme Greed,1598659200,,2020-08-29 02:00:00
824,74,Greed,1598572800,,2020-08-28 02:00:00
825,75,Greed,1598486400,,2020-08-27 02:00:00
826,76,Extreme Greed,1598400000,,2020-08-26 02:00:00
827,75,Greed,1598313600,,2020-08-25 02:00:00
828,78,Extreme Greed,1598227200,,2020-08-24 02:00:00
829,76,Extreme Greed,1598140800,,2020-08-23 02:00:00
830,78,Extreme Greed,1598054400,,2020-08-22 02:00:00
831,81,Extreme Greed,1597968000,,2020-08-21 02:00:00
832,75,Greed,1597881600,,2020-08-20 02:00:00
833,80,Extreme Greed,1597795200,,2020-08-19 02:00:00
834,82,Extreme Greed,1597708800,,2020-08-18 02:00:00
835,83,Extreme Greed,1597622400,,2020-08-17 02:00:00
836,82,Extreme Greed,1597536000,,2020-08-16 02:00:00
837,79,Extreme Greed,1597449600,,2020-08-15 02:00:00
838,78,Extreme Greed,1597363200,,2020-08-14 02:00:00
839,75,Greed,1597276800,,2020-08-13 02:00:00
840,75,Greed,1597190400,,2020-08-12 02:00:00
841,84,Extreme Greed,1597104000,,2020-08-11 02:00:00
842,78,Extreme Greed,1597017600,,2020-08-10 02:00:00
843,79,Extreme Greed,1596931200,,2020-08-09 02:00:00
844,77,Extreme Greed,1596844800,,2020-08-08 02:00:00
845,77,Extreme Greed,1596758400,,2020-08-07 02:00:00
846,79,Extreme Greed,1596672000,,2020-08-06 02:00:00
847,75,Greed,1596585600,,2020-08-05 02:00:00
848,72,Greed,1596499200,,2020-08-04 02:00:00
849,75,Greed,1596412800,,2020-08-03 02:00:00
850,80,Extreme Greed,1596326400,,2020-08-02 02:00:00
851,75,Greed,1596240000,,2020-08-01 02:00:00
852,75,Greed,1596153600,,2020-07-31 02:00:00
853,76,Extreme Greed,1596067200,,2020-07-30 02:00:00
854,71,Greed,1595980800,,2020-07-29 02:00:00
855,76,Extreme Greed,1595894400,,2020-07-28 02:00:00
856,58,Greed,1595808000,,2020-07-27 02:00:00
857,55,Greed,1595721600,,2020-07-26 02:00:00
858,55,Greed,1595635200,,2020-07-25 02:00:00
859,53,Neutral,1595548800,,2020-07-24 02:00:00
860,55,Greed,1595462400,,2020-07-23 02:00:00
861,50,Neutral,1595376000,,2020-07-22 02:00:00
862,44,Fear,1595289600,,2020-07-21 02:00:00
863,44,Fear,1595203200,,2020-07-20 02:00:00
864,41,Fear,1595116800,,2020-07-19 02:00:00
865,44,Fear,1595030400,,2020-07-18 02:00:00
866,41,Fear,1594944000,,2020-07-17 02:00:00
867,43,Fear,1594857600,,2020-07-16 02:00:00
868,44,Fear,1594771200,,2020-07-15 02:00:00
869,43,Fear,1594684800,,2020-07-14 02:00:00
870,43,Fear,1594598400,,2020-07-13 02:00:00
871,41,Fear,1594512000,,2020-07-12 02:00:00
872,44,Fear,1594425600,,2020-07-11 02:00:00
873,41,Fear,1594339200,,2020-07-10 02:00:00
874,44,Fear,1594252800,,2020-07-09 02:00:00
875,44,Fear,1594166400,,2020-07-08 02:00:00
876,43,Fear,1594080000,,2020-07-07 02:00:00
877,40,Fear,1593993600,,2020-07-06 02:00:00
878,38,Fear,1593907200,,2020-07-05 02:00:00
879,40,Fear,1593820800,,2020-07-04 02:00:00
880,41,Fear,1593734400,,2020-07-03 02:00:00
881,42,Fear,1593648000,,2020-07-02 02:00:00
882,42,Fear,1593561600,,2020-07-01 02:00:00
883,44,Fear,1593475200,,2020-06-30 02:00:00
884,41,Fear,1593388800,,2020-06-29 02:00:00
885,40,Fear,1593302400,,2020-06-28 02:00:00
886,43,Fear,1593216000,,2020-06-27 02:00:00
887,40,Fear,1593129600,,2020-06-26 02:00:00
888,43,Fear,1593043200,,2020-06-25 02:00:00
889,50,Neutral,1592956800,,2020-06-24 02:00:00
890,41,Fear,1592870400,,2020-06-23 02:00:00
891,38,Fear,1592784000,,2020-06-22 02:00:00
892,37,Fear,1592697600,,2020-06-21 02:00:00
893,38,Fear,1592611200,,2020-06-20 02:00:00
894,39,Fear,1592524800,,2020-06-19 02:00:00
895,40,Fear,1592438400,,2020-06-18 02:00:00
896,38,Fear,1592352000,,2020-06-17 02:00:00
897,39,Fear,1592265600,,2020-06-16 02:00:00
898,37,Fear,1592179200,,2020-06-15 02:00:00
899,40,Fear,1592092800,,2020-06-14 02:00:00
900,38,Fear,1592006400,,2020-06-13 02:00:00
901,38,Fear,1591920000,,2020-06-12 02:00:00
902,52,Neutral,1591833600,,2020-06-11 02:00:00
903,54,Neutral,1591747200,,2020-06-10 02:00:00
904,52,Neutral,1591660800,,2020-06-09 02:00:00
905,53,Neutral,1591574400,,2020-06-08 02:00:00
906,54,Neutral,1591488000,,2020-06-07 02:00:00
907,54,Neutral,1591401600,,2020-06-06 02:00:00
908,53,Neutral,1591315200,,2020-06-05 02:00:00
909,54,Neutral,1591228800,,2020-06-04 02:00:00
910,48,Neutral,1591142400,,2020-06-03 02:00:00
911,56,Greed,1591056000,,2020-06-02 02:00:00
912,50,Neutral,1590969600,,2020-06-01 02:00:00
913,51,Neutral,1590883200,,2020-05-31 02:00:00
914,48,Neutral,1590796800,,2020-05-30 02:00:00
915,48,Neutral,1590710400,,2020-05-29 02:00:00
916,41,Fear,1590624000,,2020-05-28 02:00:00
917,39,Fear,1590537600,,2020-05-27 02:00:00
918,39,Fear,1590451200,,2020-05-26 02:00:00
919,41,Fear,1590364800,,2020-05-25 02:00:00
920,43,Fear,1590278400,,2020-05-24 02:00:00
921,40,Fear,1590192000,,2020-05-23 02:00:00
922,42,Fear,1590105600,,2020-05-22 02:00:00
923,49,Neutral,1590019200,,2020-05-21 02:00:00
924,52,Neutral,1589932800,,2020-05-20 02:00:00
925,50,Neutral,1589846400,,2020-05-19 02:00:00
926,50,Neutral,1589760000,,2020-05-18 02:00:00
927,40,Fear,1589673600,,2020-05-17 02:00:00
928,41,Fear,1589587200,,2020-05-16 02:00:00
929,44,Fear,1589500800,,2020-05-15 02:00:00
930,40,Fear,1589414400,,2020-05-14 02:00:00
931,41,Fear,1589328000,,2020-05-13 02:00:00
932,39,Fear,1589241600,,2020-05-12 02:00:00
933,40,Fear,1589155200,,2020-05-11 02:00:00
934,48,Neutral,1589068800,,2020-05-10 02:00:00
935,56,Greed,1588982400,,2020-05-09 02:00:00
936,55,Greed,1588896000,,2020-05-08 02:00:00
937,49,Neutral,1588809600,,2020-05-07 02:00:00
938,42,Fear,1588723200,,2020-05-06 02:00:00
939,40,Fear,1588636800,,2020-05-05 02:00:00
940,44,Fear,1588550400,,2020-05-04 02:00:00
941,45,Fear,1588464000,,2020-05-03 02:00:00
942,40,Fear,1588377600,,2020-05-02 02:00:00
943,40,Fear,1588291200,,2020-05-01 02:00:00
944,44,Fear,1588204800,,2020-04-30 02:00:00
945,26,Fear,1588118400,,2020-04-29 02:00:00
946,26,Fear,1588032000,,2020-04-28 02:00:00
947,28,Fear,1587945600,,2020-04-27 02:00:00
948,21,Extreme Fear,1587859200,,2020-04-26 02:00:00
949,24,Extreme Fear,1587772800,,2020-04-25 02:00:00
950,20,Extreme Fear,1587686400,,2020-04-24 02:00:00
951,19,Extreme Fear,1587600000,,2020-04-23 02:00:00
952,19,Extreme Fear,1587513600,,2020-04-22 02:00:00
953,17,Extreme Fear,1587427200,,2020-04-21 02:00:00
954,15,Extreme Fear,1587340800,,2020-04-20 02:00:00
955,16,Extreme Fear,1587254400,,2020-04-19 02:00:00
956,18,Extreme Fear,1587168000,,2020-04-18 02:00:00
957,15,Extreme Fear,1587081600,,2020-04-17 02:00:00
958,13,Extreme Fear,1586995200,,2020-04-16 02:00:00
959,18,Extreme Fear,1586908800,,2020-04-15 02:00:00
960,15,Extreme Fear,1586822400,,2020-04-14 02:00:00
961,11,Extreme Fear,1586736000,,2020-04-13 02:00:00
962,10,Extreme Fear,1586649600,,2020-04-12 02:00:00
963,15,Extreme Fear,1586563200,,2020-04-11 02:00:00
964,15,Extreme Fear,1586476800,,2020-04-10 02:00:00
965,22,Extreme Fear,1586390400,,2020-04-09 02:00:00
966,21,Extreme Fear,1586304000,,2020-04-08 02:00:00
967,20,Extreme Fear,1586217600,,2020-04-07 02:00:00
968,12,Extreme Fear,1586131200,,2020-04-06 02:00:00
969,12,Extreme Fear,1586044800,,2020-04-05 02:00:00
970,12,Extreme Fear,1585958400,,2020-04-04 02:00:00
971,14,Extreme Fear,1585872000,,2020-04-03 02:00:00
972,14,Extreme Fear,1585785600,,2020-04-02 02:00:00
973,12,Extreme Fear,1585699200,,2020-04-01 02:00:00
974,12,Extreme Fear,1585612800,,2020-03-31 02:00:00
975,10,Extreme Fear,1585526400,,2020-03-30 02:00:00
976,12,Extreme Fear,1585440000,,2020-03-29 01:00:00
977,8,Extreme Fear,1585353600,,2020-03-28 01:00:00
978,12,Extreme Fear,1585267200,,2020-03-27 01:00:00
979,14,Extreme Fear,1585180800,,2020-03-26 01:00:00
980,13,Extreme Fear,1585094400,,2020-03-25 01:00:00
981,12,Extreme Fear,1585008000,,2020-03-24 01:00:00
982,10,Extreme Fear,1584921600,,2020-03-23 01:00:00
983,11,Extreme Fear,1584835200,,2020-03-22 01:00:00
984,9,Extreme Fear,1584748800,,2020-03-21 01:00:00
985,9,Extreme Fear,1584662400,,2020-03-20 01:00:00
986,12,Extreme Fear,1584576000,,2020-03-19 01:00:00
987,11,Extreme Fear,1584489600,,2020-03-18 01:00:00
988,8,Extreme Fear,1584403200,,2020-03-17 01:00:00
989,9,Extreme Fear,1584316800,,2020-03-16 01:00:00
990,12,Extreme Fear,1584230400,,2020-03-15 01:00:00
991,8,Extreme Fear,1584144000,,2020-03-14 01:00:00
992,10,Extreme Fear,1584057600,,2020-03-13 01:00:00
993,14,Extreme Fear,1583971200,,2020-03-12 01:00:00
994,17,Extreme Fear,1583884800,,2020-03-11 01:00:00
995,16,Extreme Fear,1583798400,,2020-03-10 01:00:00
996,17,Extreme Fear,1583712000,,2020-03-09 01:00:00
997,33,Fear,1583625600,,2020-03-08 01:00:00
998,38,Fear,1583539200,,2020-03-07 01:00:00
999,39,Fear,1583452800,,2020-03-06 01:00:00
1000,41,Fear,1583366400,,2020-03-05 01:00:00
1001,40,Fear,1583280000,,2020-03-04 01:00:00
1002,38,Fear,1583193600,,2020-03-03 01:00:00
1003,38,Fear,1583107200,,2020-03-02 01:00:00
1004,39,Fear,1583020800,,2020-03-01 01:00:00
1005,38,Fear,1582934400,,2020-02-29 01:00:00
1006,40,Fear,1582848000,,2020-02-28 01:00:00
1007,39,Fear,1582761600,,2020-02-27 01:00:00
1008,41,Fear,1582675200,,2020-02-26 01:00:00
1009,44,Fear,1582588800,,2020-02-25 01:00:00
1010,46,Fear,1582502400,,2020-02-24 01:00:00
1011,46,Fear,1582416000,,2020-02-23 01:00:00
1012,43,Fear,1582329600,,2020-02-22 01:00:00
1013,44,Fear,1582243200,,2020-02-21 01:00:00
1014,44,Fear,1582156800,,2020-02-20 01:00:00
1015,50,Neutral,1582070400,,2020-02-19 01:00:00
1016,53,Neutral,1581984000,,2020-02-18 01:00:00
1017,49,Neutral,1581897600,,2020-02-17 01:00:00
1018,59,Greed,1581811200,,2020-02-16 01:00:00
1019,64,Greed,1581724800,,2020-02-15 01:00:00
1020,63,Greed,1581638400,,2020-02-14 01:00:00
1021,65,Greed,1581552000,,2020-02-13 01:00:00
1022,61,Greed,1581465600,,2020-02-12 01:00:00
1023,52,Neutral,1581379200,,2020-02-11 01:00:00
1024,57,Greed,1581292800,,2020-02-10 01:00:00
1025,56,Greed,1581206400,,2020-02-09 01:00:00
1026,56,Greed,1581120000,,2020-02-08 01:00:00
1027,56,Greed,1581033600,,2020-02-07 01:00:00
1028,61,Greed,1580947200,,2020-02-06 01:00:00
1029,53,Neutral,1580860800,,2020-02-05 01:00:00
1030,56,Greed,1580774400,,2020-02-04 01:00:00
1031,59,Greed,1580688000,,2020-02-03 01:00:00
1032,57,Greed,1580601600,,2020-02-02 01:00:00
1033,57,Greed,1580515200,,2020-02-01 01:00:00
1034,55,Greed,1580428800,,2020-01-31 01:00:00
1035,57,Greed,1580342400,,2020-01-30 01:00:00
1036,57,Greed,1580256000,,2020-01-29 01:00:00
1037,54,Neutral,1580169600,,2020-01-28 01:00:00
1038,50,Neutral,1580083200,,2020-01-27 01:00:00
1039,42,Fear,1579996800,,2020-01-26 01:00:00
1040,41,Fear,1579910400,,2020-01-25 01:00:00
1041,40,Fear,1579824000,,2020-01-24 01:00:00
1042,49,Neutral,1579737600,,2020-01-23 01:00:00
1043,52,Neutral,1579651200,,2020-01-22 01:00:00
1044,49,Neutral,1579564800,,2020-01-21 01:00:00
1045,48,Neutral,1579478400,,2020-01-20 01:00:00
1046,53,Neutral,1579392000,,2020-01-19 01:00:00
1047,51,Neutral,1579305600,,2020-01-18 01:00:00
1048,54,Neutral,1579219200,,2020-01-17 01:00:00
1049,55,Greed,1579132800,,2020-01-16 01:00:00
1050,54,Neutral,1579046400,,2020-01-15 01:00:00
1051,56,Greed,1578960000,,2020-01-14 01:00:00
1052,49,Neutral,1578873600,,2020-01-13 01:00:00
1053,45,Fear,1578787200,,2020-01-12 01:00:00
1054,50,Neutral,1578700800,,2020-01-11 01:00:00
1055,41,Fear,1578614400,,2020-01-10 01:00:00
1056,44,Fear,1578528000,,2020-01-09 01:00:00
1057,51,Neutral,1578441600,,2020-01-08 01:00:00
1058,40,Fear,1578355200,,2020-01-07 01:00:00
1059,41,Fear,1578268800,,2020-01-06 01:00:00
1060,39,Fear,1578182400,,2020-01-05 01:00:00
1061,38,Fear,1578096000,,2020-01-04 01:00:00
1062,38,Fear,1578009600,,2020-01-03 01:00:00
1063,39,Fear,1577923200,,2020-01-02 01:00:00
1064,37,Fear,1577836800,,2020-01-01 01:00:00
1065,38,Fear,1577750400,,2019-12-31 01:00:00
1066,40,Fear,1577664000,,2019-12-30 01:00:00
1067,37,Fear,1577577600,,2019-12-29 01:00:00
1068,37,Fear,1577491200,,2019-12-28 01:00:00
1069,38,Fear,1577404800,,2019-12-27 01:00:00
1070,39,Fear,1577318400,,2019-12-26 01:00:00
1071,22,Extreme Fear,1577232000,,2019-12-25 01:00:00
1072,25,Extreme Fear,1577145600,,2019-12-24 01:00:00
1073,33,Fear,1577059200,,2019-12-23 01:00:00
1074,20,Extreme Fear,1576972800,,2019-12-22 01:00:00
1075,23,Extreme Fear,1576886400,,2019-12-21 01:00:00
1076,23,Extreme Fear,1576800000,,2019-12-20 01:00:00
1077,21,Extreme Fear,1576713600,,2019-12-19 01:00:00
1078,15,Extreme Fear,1576627200,,2019-12-18 01:00:00
1079,23,Extreme Fear,1576540800,,2019-12-17 01:00:00
1080,24,Extreme Fear,1576454400,,2019-12-16 01:00:00
1081,21,Extreme Fear,1576368000,,2019-12-15 01:00:00
1082,27,Fear,1576281600,,2019-12-14 01:00:00
1083,22,Extreme Fear,1576195200,,2019-12-13 01:00:00
1084,23,Extreme Fear,1576108800,,2019-12-12 01:00:00
1085,20,Extreme Fear,1576022400,,2019-12-11 01:00:00
1086,26,Fear,1575936000,,2019-12-10 01:00:00
1087,32,Fear,1575849600,,2019-12-09 01:00:00
1088,28,Fear,1575763200,,2019-12-08 01:00:00
1089,32,Fear,1575676800,,2019-12-07 01:00:00
1090,29,Fear,1575590400,,2019-12-06 01:00:00
1091,21,Extreme Fear,1575504000,,2019-12-05 01:00:00
1092,24,Extreme Fear,1575417600,,2019-12-04 01:00:00
1093,28,Fear,1575331200,,2019-12-03 01:00:00
1094,28,Fear,1575244800,,2019-12-02 01:00:00
1095,25,Extreme Fear,1575158400,,2019-12-01 01:00:00
1096,38,Fear,1575072000,,2019-11-30 01:00:00
1097,31,Fear,1574985600,,2019-11-29 01:00:00
1098,32,Fear,1574899200,,2019-11-28 01:00:00
1099,20,Extreme Fear,1574812800,,2019-11-27 01:00:00
1100,21,Extreme Fear,1574726400,,2019-11-26 01:00:00
1101,17,Extreme Fear,1574640000,,2019-11-25 01:00:00
1102,21,Extreme Fear,1574553600,,2019-11-24 01:00:00
1103,23,Extreme Fear,1574467200,,2019-11-23 01:00:00
1104,20,Extreme Fear,1574380800,,2019-11-22 01:00:00
1105,30,Fear,1574294400,,2019-11-21 01:00:00
1106,32,Fear,1574208000,,2019-11-20 01:00:00
1107,32,Fear,1574121600,,2019-11-19 01:00:00
1108,38,Fear,1574035200,,2019-11-18 01:00:00
1109,38,Fear,1573948800,,2019-11-17 01:00:00
1110,41,Fear,1573862400,,2019-11-16 01:00:00
1111,38,Fear,1573776000,,2019-11-15 01:00:00
1112,41,Fear,1573689600,,2019-11-14 01:00:00
1113,38,Fear,1573603200,,2019-11-13 01:00:00
1114,39,Fear,1573516800,,2019-11-12 01:00:00
1115,40,Fear,1573430400,,2019-11-11 01:00:00
1116,39,Fear,1573344000,,2019-11-10 01:00:00
1117,38,Fear,1573257600,,2019-11-09 01:00:00
1118,42,Fear,1573171200,,2019-11-08 01:00:00
1119,54,Neutral,1573084800,,2019-11-07 01:00:00
1120,53,Neutral,1572998400,,2019-11-06 01:00:00
1121,54,Neutral,1572912000,,2019-11-05 01:00:00
1122,49,Neutral,1572825600,,2019-11-04 01:00:00
1123,56,Greed,1572739200,,2019-11-03 01:00:00
1124,51,Neutral,1572652800,,2019-11-02 01:00:00
1125,49,Neutral,1572566400,,2019-11-01 01:00:00
1126,50,Neutral,1572480000,,2019-10-31 01:00:00
1127,53,Neutral,1572393600,,2019-10-30 01:00:00
1128,54,Neutral,1572307200,,2019-10-29 01:00:00
1129,52,Neutral,1572220800,,2019-10-28 01:00:00
1130,50,Neutral,1572134400,,2019-10-27 02:00:00
1131,53,Neutral,1572048000,,2019-10-26 02:00:00
1132,24,Extreme Fear,1571961600,,2019-10-25 02:00:00
1133,20,Extreme Fear,1571875200,,2019-10-24 02:00:00
1134,33,Fear,1571788800,,2019-10-23 02:00:00
1135,39,Fear,1571702400,,2019-10-22 02:00:00
1136,37,Fear,1571616000,,2019-10-21 02:00:00
1137,37,Fear,1571529600,,2019-10-20 02:00:00
1138,41,Fear,1571443200,,2019-10-19 02:00:00
1139,40,Fear,1571356800,,2019-10-18 02:00:00
1140,40,Fear,1571270400,,2019-10-17 02:00:00
1141,40,Fear,1571184000,,2019-10-16 02:00:00
1142,39,Fear,1571097600,,2019-10-15 02:00:00
1143,37,Fear,1571011200,,2019-10-14 02:00:00
1144,38,Fear,1570924800,,2019-10-13 02:00:00
1145,38,Fear,1570838400,,2019-10-12 02:00:00
1146,39,Fear,1570752000,,2019-10-11 02:00:00
1147,41,Fear,1570665600,,2019-10-10 02:00:00
1148,37,Fear,1570579200,,2019-10-09 02:00:00
1149,39,Fear,1570492800,,2019-10-08 02:00:00
1150,27,Fear,1570406400,,2019-10-07 02:00:00
1151,32,Fear,1570320000,,2019-10-06 02:00:00
1152,31,Fear,1570233600,,2019-10-05 02:00:00
1153,30,Fear,1570147200,,2019-10-04 02:00:00
1154,37,Fear,1570060800,,2019-10-03 02:00:00
1155,39,Fear,1569974400,,2019-10-02 02:00:00
1156,38,Fear,1569888000,,2019-10-01 02:00:00
1157,27,Fear,1569801600,,2019-09-30 02:00:00
1158,33,Fear,1569715200,,2019-09-29 02:00:00
1159,32,Fear,1569628800,,2019-09-28 02:00:00
1160,24,Extreme Fear,1569542400,,2019-09-27 02:00:00
1161,12,Extreme Fear,1569456000,,2019-09-26 02:00:00
1162,15,Extreme Fear,1569369600,,2019-09-25 02:00:00
1163,39,Fear,1569283200,,2019-09-24 02:00:00
1164,41,Fear,1569196800,,2019-09-23 02:00:00
1165,37,Fear,1569110400,,2019-09-22 02:00:00
1166,37,Fear,1569024000,,2019-09-21 02:00:00
1167,41,Fear,1568937600,,2019-09-20 02:00:00
1168,31,Fear,1568851200,,2019-09-19 02:00:00
1169,38,Fear,1568764800,,2019-09-18 02:00:00
1170,41,Fear,1568678400,,2019-09-17 02:00:00
1171,38,Fear,1568592000,,2019-09-16 02:00:00
1172,38,Fear,1568505600,,2019-09-15 02:00:00
1173,39,Fear,1568419200,,2019-09-14 02:00:00
1174,38,Fear,1568332800,,2019-09-13 02:00:00
1175,39,Fear,1568246400,,2019-09-12 02:00:00
1176,38,Fear,1568160000,,2019-09-11 02:00:00
1177,41,Fear,1568073600,,2019-09-10 02:00:00
1178,41,Fear,1567987200,,2019-09-09 02:00:00
1179,43,Fear,1567900800,,2019-09-08 02:00:00
1180,39,Fear,1567814400,,2019-09-07 02:00:00
1181,43,Fear,1567728000,,2019-09-06 02:00:00
1182,41,Fear,1567641600,,2019-09-05 02:00:00
1183,43,Fear,1567555200,,2019-09-04 02:00:00
1184,41,Fear,1567468800,,2019-09-03 02:00:00
1185,28,Fear,1567382400,,2019-09-02 02:00:00
1186,24,Extreme Fear,1567296000,,2019-09-01 02:00:00
1187,20,Extreme Fear,1567209600,,2019-08-31 02:00:00
1188,24,Extreme Fear,1567123200,,2019-08-30 02:00:00
1189,20,Extreme Fear,1567036800,,2019-08-29 02:00:00
1190,32,Fear,1566950400,,2019-08-28 02:00:00
1191,30,Fear,1566864000,,2019-08-27 02:00:00
1192,41,Fear,1566777600,,2019-08-26 02:00:00
1193,33,Fear,1566691200,,2019-08-25 02:00:00
1194,39,Fear,1566604800,,2019-08-24 02:00:00
1195,33,Fear,1566518400,,2019-08-23 02:00:00
1196,5,Extreme Fear,1566432000,,2019-08-22 02:00:00
1197,11,Extreme Fear,1566345600,,2019-08-21 02:00:00
1198,39,Fear,1566259200,,2019-08-20 02:00:00
1199,30,Fear,1566172800,,2019-08-19 02:00:00
1200,14,Extreme Fear,1566086400,,2019-08-18 02:00:00
1201,20,Extreme Fear,1566000000,,2019-08-17 02:00:00
1202,31,Fear,1565913600,,2019-08-16 02:00:00
1203,13,Extreme Fear,1565827200,,2019-08-15 02:00:00
1204,11,Extreme Fear,1565740800,,2019-08-14 02:00:00
1205,45,Fear,1565654400,,2019-08-13 02:00:00
1206,48,Neutral,1565568000,,2019-08-12 02:00:00
1207,45,Fear,1565481600,,2019-08-11 02:00:00
1208,59,Greed,1565395200,,2019-08-10 02:00:00
1209,60,Greed,1565308800,,2019-08-09 02:00:00
1210,61,Greed,1565222400,,2019-08-08 02:00:00
1211,45,Fear,1565136000,,2019-08-07 02:00:00
1212,66,Greed,1565049600,,2019-08-06 02:00:00
1213,64,Greed,1564963200,,2019-08-05 02:00:00
1214,62,Greed,1564876800,,2019-08-04 02:00:00
1215,61,Greed,1564790400,,2019-08-03 02:00:00
1216,61,Greed,1564704000,,2019-08-02 02:00:00
1217,57,Greed,1564617600,,2019-08-01 02:00:00
1218,31,Fear,1564531200,,2019-07-31 02:00:00
1219,22,Extreme Fear,1564444800,,2019-07-30 02:00:00
1220,19,Extreme Fear,1564358400,,2019-07-29 02:00:00
1221,16,Extreme Fear,1564272000,,2019-07-28 02:00:00
1222,47,Neutral,1564185600,,2019-07-27 02:00:00
1223,24,Extreme Fear,1564099200,,2019-07-26 02:00:00
1224,42,Fear,1564012800,,2019-07-25 02:00:00
1225,20,Extreme Fear,1563926400,,2019-07-24 02:00:00
1226,40,Fear,1563840000,,2019-07-23 02:00:00
1227,42,Fear,1563753600,,2019-07-22 02:00:00
1228,42,Fear,1563667200,,2019-07-21 02:00:00
1229,34,Fear,1563580800,,2019-07-20 02:00:00
1230,42,Fear,1563494400,,2019-07-19 02:00:00
1231,40,Fear,1563408000,,2019-07-18 02:00:00
1232,19,Extreme Fear,1563321600,,2019-07-17 02:00:00
1233,34,Fear,1563235200,,2019-07-16 02:00:00
1234,16,Extreme Fear,1563148800,,2019-07-15 02:00:00
1235,61,Greed,1563062400,,2019-07-14 02:00:00
1236,65,Greed,1562976000,,2019-07-13 02:00:00
1237,33,Fear,1562889600,,2019-07-12 02:00:00
1238,62,Greed,1562803200,,2019-07-11 02:00:00
1239,83,Extreme Greed,1562716800,,2019-07-10 02:00:00
1240,84,Extreme Greed,1562630400,,2019-07-09 02:00:00
1241,74,Greed,1562544000,,2019-07-08 02:00:00
1242,67,Greed,1562457600,,2019-07-07 02:00:00
1243,72,Greed,1562371200,,2019-07-06 02:00:00
1244,67,Greed,1562284800,,2019-07-05 02:00:00
1245,76,Extreme Greed,1562198400,,2019-07-04 02:00:00
1246,79,Extreme Greed,1562112000,,2019-07-03 02:00:00
1247,63,Greed,1562025600,,2019-07-02 02:00:00
1248,65,Greed,1561939200,,2019-07-01 02:00:00
1249,78,Extreme Greed,1561852800,,2019-06-30 02:00:00
1250,74,Greed,1561766400,,2019-06-29 02:00:00
1251,62,Greed,1561680000,,2019-06-28 02:00:00
1252,92,Extreme Greed,1561593600,,2019-06-27 02:00:00
1253,95,Extreme Greed,1561507200,,2019-06-26 02:00:00
1254,87,Extreme Greed,1561420800,,2019-06-25 02:00:00
1255,80,Extreme Greed,1561334400,,2019-06-24 02:00:00
1256,84,Extreme Greed,1561248000,,2019-06-23 02:00:00
1257,83,Extreme Greed,1561161600,,2019-06-22 02:00:00
1258,84,Extreme Greed,1561075200,,2019-06-21 02:00:00
1259,81,Extreme Greed,1560988800,,2019-06-20 02:00:00
1260,82,Extreme Greed,1560902400,,2019-06-19 02:00:00
1261,83,Extreme Greed,1560816000,,2019-06-18 02:00:00
1262,84,Extreme Greed,1560729600,,2019-06-17 02:00:00
1263,80,Extreme Greed,1560643200,,2019-06-16 02:00:00
1264,75,Greed,1560556800,,2019-06-15 02:00:00
1265,67,Greed,1560470400,,2019-06-14 02:00:00
1266,63,Greed,1560384000,,2019-06-13 02:00:00
1267,60,Greed,1560297600,,2019-06-12 02:00:00
1268,61,Greed,1560211200,,2019-06-11 02:00:00
1269,46,Fear,1560124800,,2019-06-10 02:00:00
1270,62,Greed,1560038400,,2019-06-09 02:00:00
1271,62,Greed,1559952000,,2019-06-08 02:00:00
1272,27,Fear,1559865600,,2019-06-07 02:00:00
1273,34,Fear,1559779200,,2019-06-06 02:00:00
1274,27,Fear,1559692800,,2019-06-05 02:00:00
1275,42,Fear,1559606400,,2019-06-04 02:00:00
1276,66,Greed,1559520000,,2019-06-03 02:00:00
1277,63,Greed,1559433600,,2019-06-02 02:00:00
1278,62,Greed,1559347200,,2019-06-01 02:00:00
1279,61,Greed,1559260800,,2019-05-31 02:00:00
1280,73,Greed,1559174400,,2019-05-30 02:00:00
1281,71,Greed,1559088000,,2019-05-29 02:00:00
1282,71,Greed,1559001600,,2019-05-28 02:00:00
1283,70,Greed,1558915200,,2019-05-27 02:00:00
1284,67,Greed,1558828800,,2019-05-26 02:00:00
1285,69,Greed,1558742400,,2019-05-25 02:00:00
1286,64,Greed,1558656000,,2019-05-24 02:00:00
1287,65,Greed,1558569600,,2019-05-23 02:00:00
1288,69,Greed,1558483200,,2019-05-22 02:00:00
1289,68,Greed,1558396800,,2019-05-21 02:00:00
1290,73,Greed,1558310400,,2019-05-20 02:00:00
1291,70,Greed,1558224000,,2019-05-19 02:00:00
1292,67,Greed,1558137600,,2019-05-18 02:00:00
1293,65,Greed,1558051200,,2019-05-17 02:00:00
1294,75,Greed,1557964800,,2019-05-16 02:00:00
1295,77,Extreme Greed,1557878400,,2019-05-15 02:00:00
1296,78,Extreme Greed,1557792000,,2019-05-14 02:00:00
1297,78,Extreme Greed,1557705600,,2019-05-13 02:00:00
1298,75,Greed,1557619200,,2019-05-12 02:00:00
1299,76,Extreme Greed,1557532800,,2019-05-11 02:00:00
1300,71,Greed,1557446400,,2019-05-10 02:00:00
1301,69,Greed,1557360000,,2019-05-09 02:00:00
1302,63,Greed,1557273600,,2019-05-08 02:00:00
1303,69,Greed,1557187200,,2019-05-07 02:00:00
1304,57,Greed,1557100800,,2019-05-06 02:00:00
1305,67,Greed,1557014400,,2019-05-05 02:00:00
1306,66,Greed,1556928000,,2019-05-04 02:00:00
1307,63,Greed,1556841600,,2019-05-03 02:00:00
1308,50,Neutral,1556755200,,2019-05-02 02:00:00
1309,51,Neutral,1556668800,,2019-05-01 02:00:00
1310,42,Fear,1556582400,,2019-04-30 02:00:00
1311,42,Fear,1556496000,,2019-04-29 02:00:00
1312,40,Fear,1556409600,,2019-04-28 02:00:00
1313,42,Fear,1556323200,,2019-04-27 02:00:00
1314,41,Fear,1556236800,,2019-04-26 02:00:00
1315,58,Greed,1556150400,,2019-04-25 02:00:00
1316,65,Greed,1556064000,,2019-04-24 02:00:00
1317,68,Greed,1555977600,,2019-04-23 02:00:00
1318,61,Greed,1555891200,,2019-04-22 02:00:00
1319,62,Greed,1555804800,,2019-04-21 02:00:00
1320,62,Greed,1555718400,,2019-04-20 02:00:00
1321,61,Greed,1555632000,,2019-04-19 02:00:00
1322,64,Greed,1555545600,,2019-04-18 02:00:00
1323,61,Greed,1555459200,,2019-04-17 02:00:00
1324,50,Neutral,1555372800,,2019-04-16 02:00:00
1325,60,Greed,1555286400,,2019-04-15 02:00:00
1326,51,Neutral,1555200000,,2019-04-14 02:00:00
1327,62,Greed,1555113600,,2019-04-13 02:00:00
1328,42,Fear,1555027200,,2019-04-12 02:00:00
1329,65,Greed,1554940800,,2019-04-11 02:00:00
1330,62,Greed,1554854400,,2019-04-10 02:00:00
1331,64,Greed,1554768000,,2019-04-09 02:00:00
1332,65,Greed,1554681600,,2019-04-08 02:00:00
1333,69,Greed,1554595200,,2019-04-07 02:00:00
1334,65,Greed,1554508800,,2019-04-06 02:00:00
1335,59,Greed,1554422400,,2019-04-05 02:00:00
1336,61,Greed,1554336000,,2019-04-04 02:00:00
1337,71,Greed,1554249600,,2019-04-03 02:00:00
1338,60,Greed,1554163200,,2019-04-02 02:00:00
1339,62,Greed,1554076800,,2019-04-01 02:00:00
1340,56,Greed,1553990400,,2019-03-31 01:00:00
1341,57,Greed,1553904000,,2019-03-30 01:00:00
1342,50,Neutral,1553817600,,2019-03-29 01:00:00
1343,49,Neutral,1553731200,,2019-03-28 01:00:00
1344,44,Fear,1553644800,,2019-03-27 01:00:00
1345,43,Fear,1553558400,,2019-03-26 01:00:00
1346,46,Fear,1553472000,,2019-03-25 01:00:00
1347,44,Fear,1553385600,,2019-03-24 01:00:00
1348,50,Neutral,1553299200,,2019-03-23 01:00:00
1349,56,Greed,1553212800,,2019-03-22 01:00:00
1350,62,Greed,1553126400,,2019-03-21 01:00:00
1351,55,Greed,1553040000,,2019-03-20 01:00:00
1352,56,Greed,1552953600,,2019-03-19 01:00:00
1353,56,Greed,1552867200,,2019-03-18 01:00:00
1354,58,Greed,1552780800,,2019-03-17 01:00:00
1355,54,Neutral,1552694400,,2019-03-16 01:00:00
1356,55,Greed,1552608000,,2019-03-15 01:00:00
1357,55,Greed,1552521600,,2019-03-14 01:00:00
1358,54,Neutral,1552435200,,2019-03-13 01:00:00
1359,56,Greed,1552348800,,2019-03-12 01:00:00
1360,56,Greed,1552262400,,2019-03-11 01:00:00
1361,55,Greed,1552176000,,2019-03-10 01:00:00
1362,55,Greed,1552089600,,2019-03-09 01:00:00
1363,54,Neutral,1552003200,,2019-03-08 01:00:00
1364,56,Greed,1551916800,,2019-03-07 01:00:00
1365,42,Fear,1551830400,,2019-03-06 01:00:00
1366,35,Fear,1551744000,,2019-03-05 01:00:00
1367,36,Fear,1551657600,,2019-03-04 01:00:00
1368,44,Fear,1551571200,,2019-03-03 01:00:00
1369,41,Fear,1551484800,,2019-03-02 01:00:00
1370,42,Fear,1551398400,,2019-03-01 01:00:00
1371,39,Fear,1551312000,,2019-02-28 01:00:00
1372,39,Fear,1551225600,,2019-02-27 01:00:00
1373,40,Fear,1551139200,,2019-02-26 01:00:00
1374,47,Neutral,1551052800,,2019-02-25 01:00:00
1375,69,Greed,1550966400,,2019-02-24 01:00:00
1376,63,Greed,1550880000,,2019-02-23 01:00:00
1377,61,Greed,1550793600,,2019-02-22 01:00:00
1378,59,Greed,1550707200,,2019-02-21 01:00:00
1379,59,Greed,1550620800,,2019-02-20 01:00:00
1380,65,Greed,1550534400,,2019-02-19 01:00:00
1381,63,Greed,1550448000,,2019-02-18 01:00:00
1382,38,Fear,1550361600,,2019-02-17 01:00:00
1383,43,Fear,1550275200,,2019-02-16 01:00:00
1384,43,Fear,1550188800,,2019-02-15 01:00:00
1385,48,Neutral,1550102400,,2019-02-14 01:00:00
1386,48,Neutral,1550016000,,2019-02-13 01:00:00
1387,38,Fear,1549929600,,2019-02-12 01:00:00
1388,46,Fear,1549843200,,2019-02-11 01:00:00
1389,40,Fear,1549756800,,2019-02-10 01:00:00
1390,42,Fear,1549670400,,2019-02-09 01:00:00
1391,37,Fear,1549584000,,2019-02-08 01:00:00
1392,18,Extreme Fear,1549497600,,2019-02-07 01:00:00
1393,14,Extreme Fear,1549411200,,2019-02-06 01:00:00
1394,21,Extreme Fear,1549324800,,2019-02-05 01:00:00
1395,27,Fear,1549238400,,2019-02-04 01:00:00
1396,19,Extreme Fear,1549152000,,2019-02-03 01:00:00
1397,22,Extreme Fear,1549065600,,2019-02-02 01:00:00
1398,23,Extreme Fear,1548979200,,2019-02-01 01:00:00
1399,17,Extreme Fear,1548892800,,2019-01-31 01:00:00
1400,22,Extreme Fear,1548806400,,2019-01-30 01:00:00
1401,21,Extreme Fear,1548720000,,2019-01-29 01:00:00
1402,35,Fear,1548633600,,2019-01-28 01:00:00
1403,39,Fear,1548547200,,2019-01-27 01:00:00
1404,41,Fear,1548460800,,2019-01-26 01:00:00
1405,35,Fear,1548374400,,2019-01-25 01:00:00
1406,37,Fear,1548288000,,2019-01-24 01:00:00
1407,33,Fear,1548201600,,2019-01-23 01:00:00
1408,27,Fear,1548115200,,2019-01-22 01:00:00
1409,30,Fear,1548028800,,2019-01-21 01:00:00
1410,35,Fear,1547942400,,2019-01-20 01:00:00
1411,31,Fear,1547856000,,2019-01-19 01:00:00
1412,29,Fear,1547769600,,2019-01-18 01:00:00
1413,28,Fear,1547683200,,2019-01-17 01:00:00
1414,24,Extreme Fear,1547596800,,2019-01-16 01:00:00
1415,27,Fear,1547510400,,2019-01-15 01:00:00
1416,16,Extreme Fear,1547424000,,2019-01-14 01:00:00
1417,21,Extreme Fear,1547337600,,2019-01-13 01:00:00
1418,22,Extreme Fear,1547251200,,2019-01-12 01:00:00
1419,19,Extreme Fear,1547164800,,2019-01-11 01:00:00
1420,37,Fear,1547078400,,2019-01-10 01:00:00
1421,42,Fear,1546992000,,2019-01-09 01:00:00
1422,39,Fear,1546905600,,2019-01-08 01:00:00
1423,39,Fear,1546819200,,2019-01-07 01:00:00
1424,31,Fear,1546732800,,2019-01-06 01:00:00
1425,36,Fear,1546646400,,2019-01-05 01:00:00
1426,48,Neutral,1546560000,,2019-01-04 01:00:00
1427,33,Fear,1546473600,,2019-01-03 01:00:00
1428,30,Fear,1546387200,,2019-01-02 01:00:00
1429,24,Extreme Fear,1546300800,,2019-01-01 01:00:00
1430,26,Fear,1546214400,,2018-12-31 01:00:00
1431,23,Extreme Fear,1546128000,,2018-12-30 01:00:00
1432,24,Extreme Fear,1546041600,,2018-12-29 01:00:00
1433,21,Extreme Fear,1545955200,,2018-12-28 01:00:00
1434,29,Fear,1545868800,,2018-12-27 01:00:00
1435,26,Fear,1545782400,,2018-12-26 01:00:00
1436,33,Fear,1545696000,,2018-12-25 01:00:00
1437,25,Extreme Fear,1545609600,,2018-12-24 01:00:00
1438,31,Fear,1545523200,,2018-12-23 01:00:00
1439,28,Fear,1545436800,,2018-12-22 01:00:00
1440,35,Fear,1545350400,,2018-12-21 01:00:00
1441,27,Fear,1545264000,,2018-12-20 01:00:00
1442,21,Extreme Fear,1545177600,,2018-12-19 01:00:00
1443,23,Extreme Fear,1545091200,,2018-12-18 01:00:00
1444,17,Extreme Fear,1545004800,,2018-12-17 01:00:00
1445,13,Extreme Fear,1544918400,,2018-12-16 01:00:00
1446,11,Extreme Fear,1544832000,,2018-12-15 01:00:00
1447,10,Extreme Fear,1544745600,,2018-12-14 01:00:00
1448,14,Extreme Fear,1544659200,,2018-12-13 01:00:00
1449,14,Extreme Fear,1544572800,,2018-12-12 01:00:00
1450,15,Extreme Fear,1544486400,,2018-12-11 01:00:00
1451,19,Extreme Fear,1544400000,,2018-12-10 01:00:00
1452,14,Extreme Fear,1544313600,,2018-12-09 01:00:00
1453,11,Extreme Fear,1544227200,,2018-12-08 01:00:00
1454,11,Extreme Fear,1544140800,,2018-12-07 01:00:00
1455,13,Extreme Fear,1544054400,,2018-12-06 01:00:00
1456,19,Extreme Fear,1543968000,,2018-12-05 01:00:00
1457,12,Extreme Fear,1543881600,,2018-12-04 01:00:00
1458,17,Extreme Fear,1543795200,,2018-12-03 01:00:00
1459,15,Extreme Fear,1543708800,,2018-12-02 01:00:00
1460,13,Extreme Fear,1543622400,,2018-12-01 01:00:00
1461,19,Extreme Fear,1543536000,,2018-11-30 01:00:00
1462,18,Extreme Fear,1543449600,,2018-11-29 01:00:00
1463,14,Extreme Fear,1543363200,,2018-11-28 01:00:00
1464,11,Extreme Fear,1543276800,,2018-11-27 01:00:00
1465,17,Extreme Fear,1543190400,,2018-11-26 01:00:00
1466,9,Extreme Fear,1543104000,,2018-11-25 01:00:00
1467,15,Extreme Fear,1543017600,,2018-11-24 01:00:00
1468,12,Extreme Fear,1542931200,,2018-11-23 01:00:00
1469,14,Extreme Fear,1542844800,,2018-11-22 01:00:00
1470,15,Extreme Fear,1542758400,,2018-11-21 01:00:00
1471,21,Extreme Fear,1542672000,,2018-11-20 01:00:00
1472,28,Fear,1542585600,,2018-11-19 01:00:00
1473,26,Fear,1542499200,,2018-11-18 01:00:00
1474,24,Extreme Fear,1542412800,,2018-11-17 01:00:00
1475,23,Extreme Fear,1542326400,,2018-11-16 01:00:00
1476,28,Fear,1542240000,,2018-11-15 01:00:00
1477,49,Neutral,1542153600,,2018-11-14 01:00:00
1478,56,Greed,1542067200,,2018-11-13 01:00:00
1479,52,Neutral,1541980800,,2018-11-12 01:00:00
1480,54,Neutral,1541894400,,2018-11-11 01:00:00
1481,52,Neutral,1541808000,,2018-11-10 01:00:00
1482,47,Neutral,1541721600,,2018-11-09 01:00:00
1483,51,Neutral,1541635200,,2018-11-08 01:00:00
1484,48,Neutral,1541548800,,2018-11-07 01:00:00
1485,42,Fear,1541462400,,2018-11-06 01:00:00
1486,42,Fear,1541376000,,2018-11-05 01:00:00
1487,41,Fear,1541289600,,2018-11-04 01:00:00
1488,36,Fear,1541203200,,2018-11-03 01:00:00
1489,36,Fear,1541116800,,2018-11-02 01:00:00
1490,29,Fear,1541030400,,2018-11-01 01:00:00
1491,32,Fear,1540944000,,2018-10-31 01:00:00
1492,31,Fear,1540857600,,2018-10-30 01:00:00
1493,34,Fear,1540771200,,2018-10-29 01:00:00
1494,35,Fear,1540684800,,2018-10-28 02:00:00
1495,33,Fear,1540598400,,2018-10-27 02:00:00
1496,29,Fear,1540512000,,2018-10-26 02:00:00
1497,25,Extreme Fear,1540425600,,2018-10-25 02:00:00
1498,23,Extreme Fear,1540339200,,2018-10-24 02:00:00
1499,24,Extreme Fear,1540252800,,2018-10-23 02:00:00
1500,27,Fear,1540166400,,2018-10-22 02:00:00
1501,21,Extreme Fear,1540080000,,2018-10-21 02:00:00
1502,21,Extreme Fear,1539993600,,2018-10-20 02:00:00
1503,24,Extreme Fear,1539907200,,2018-10-19 02:00:00
1504,26,Fear,1539820800,,2018-10-18 02:00:00
1505,23,Extreme Fear,1539734400,,2018-10-17 02:00:00
1506,24,Extreme Fear,1539648000,,2018-10-16 02:00:00
1507,20,Extreme Fear,1539561600,,2018-10-15 02:00:00
1508,18,Extreme Fear,1539475200,,2018-10-14 02:00:00
1509,15,Extreme Fear,1539388800,,2018-10-13 02:00:00
1510,13,Extreme Fear,1539302400,,2018-10-12 02:00:00
1511,19,Extreme Fear,1539216000,,2018-10-11 02:00:00
1512,28,Fear,1539129600,,2018-10-10 02:00:00
1513,31,Fear,1539043200,,2018-10-09 02:00:00
1514,26,Fear,1538956800,,2018-10-08 02:00:00
1515,29,Fear,1538870400,,2018-10-07 02:00:00
1516,34,Fear,1538784000,,2018-10-06 02:00:00
1517,37,Fear,1538697600,,2018-10-05 02:00:00
1518,29,Fear,1538611200,,2018-10-04 02:00:00
1519,36,Fear,1538524800,,2018-10-03 02:00:00
1520,33,Fear,1538438400,,2018-10-02 02:00:00
1521,35,Fear,1538352000,,2018-10-01 02:00:00
1522,34,Fear,1538265600,,2018-09-30 02:00:00
1523,37,Fear,1538179200,,2018-09-29 02:00:00
1524,42,Fear,1538092800,,2018-09-28 02:00:00
1525,42,Fear,1538006400,,2018-09-27 02:00:00
1526,37,Fear,1537920000,,2018-09-26 02:00:00
1527,37,Fear,1537833600,,2018-09-25 02:00:00
1528,43,Fear,1537747200,,2018-09-24 02:00:00
1529,38,Fear,1537660800,,2018-09-23 02:00:00
1530,35,Fear,1537574400,,2018-09-22 02:00:00
1531,31,Fear,1537488000,,2018-09-21 02:00:00
1532,24,Extreme Fear,1537401600,,2018-09-20 02:00:00
1533,24,Extreme Fear,1537315200,,2018-09-19 02:00:00
1534,21,Extreme Fear,1537228800,,2018-09-18 02:00:00
1535,25,Extreme Fear,1537142400,,2018-09-17 02:00:00
1536,28,Fear,1537056000,,2018-09-16 02:00:00
1537,24,Extreme Fear,1536969600,,2018-09-15 02:00:00
1538,23,Extreme Fear,1536883200,,2018-09-14 02:00:00
1539,20,Extreme Fear,1536796800,,2018-09-13 02:00:00
1540,14,Extreme Fear,1536710400,,2018-09-12 02:00:00
1541,18,Extreme Fear,1536624000,,2018-09-11 02:00:00
1542,15,Extreme Fear,1536537600,,2018-09-10 02:00:00
1543,13,Extreme Fear,1536451200,,2018-09-09 02:00:00
1544,18,Extreme Fear,1536364800,,2018-09-08 02:00:00
1545,17,Extreme Fear,1536278400,,2018-09-07 02:00:00
1546,14,Extreme Fear,1536192000,,2018-09-06 02:00:00
1547,17,Extreme Fear,1536105600,,2018-09-05 02:00:00
1548,26,Fear,1536019200,,2018-09-04 02:00:00
1549,19,Extreme Fear,1535932800,,2018-09-03 02:00:00
1550,18,Extreme Fear,1535846400,,2018-09-02 02:00:00
1551,21,Extreme Fear,1535760000,,2018-09-01 02:00:00
1552,17,Extreme Fear,1535673600,,2018-08-31 02:00:00
1553,22,Extreme Fear,1535587200,,2018-08-30 02:00:00
1554,19,Extreme Fear,1535500800,,2018-08-29 02:00:00
1555,19,Extreme Fear,1535414400,,2018-08-28 02:00:00
1556,18,Extreme Fear,1535328000,,2018-08-27 02:00:00
1557,19,Extreme Fear,1535241600,,2018-08-26 02:00:00
1558,22,Extreme Fear,1535155200,,2018-08-25 02:00:00
1559,19,Extreme Fear,1535068800,,2018-08-24 02:00:00
1560,18,Extreme Fear,1534982400,,2018-08-23 02:00:00
1561,21,Extreme Fear,1534896000,,2018-08-22 02:00:00
1562,19,Extreme Fear,1534809600,,2018-08-21 02:00:00
1563,26,Fear,1534723200,,2018-08-20 02:00:00
1564,27,Fear,1534636800,,2018-08-19 02:00:00
1565,24,Extreme Fear,1534550400,,2018-08-18 02:00:00
1566,19,Extreme Fear,1534464000,,2018-08-17 02:00:00
1567,21,Extreme Fear,1534377600,,2018-08-16 02:00:00
1568,18,Extreme Fear,1534291200,,2018-08-15 02:00:00
1569,16,Extreme Fear,1534204800,,2018-08-14 02:00:00
1570,21,Extreme Fear,1534118400,,2018-08-13 02:00:00
1571,18,Extreme Fear,1534032000,,2018-08-12 02:00:00
1572,18,Extreme Fear,1533945600,,2018-08-11 02:00:00
1573,21,Extreme Fear,1533859200,,2018-08-10 02:00:00
1574,19,Extreme Fear,1533772800,,2018-08-09 02:00:00
1575,23,Extreme Fear,1533686400,,2018-08-08 02:00:00
1576,25,Extreme Fear,1533600000,,2018-08-07 02:00:00
1577,25,Extreme Fear,1533513600,,2018-08-06 02:00:00
1578,23,Extreme Fear,1533427200,,2018-08-05 02:00:00
1579,31,Fear,1533340800,,2018-08-04 02:00:00
1580,36,Fear,1533254400,,2018-08-03 02:00:00
1581,39,Fear,1533168000,,2018-08-02 02:00:00
1582,39,Fear,1533081600,,2018-08-01 02:00:00
1583,48,Neutral,1532995200,,2018-07-31 02:00:00
1584,53,Neutral,1532908800,,2018-07-30 02:00:00
1585,54,Neutral,1532822400,,2018-07-29 02:00:00
1586,54,Neutral,1532736000,,2018-07-28 02:00:00
1587,47,Neutral,1532649600,,2018-07-27 02:00:00
1588,53,Neutral,1532563200,,2018-07-26 02:00:00
1589,54,Neutral,1532476800,,2018-07-25 02:00:00
1590,49,Neutral,1532390400,,2018-07-24 02:00:00
1591,44,Fear,1532304000,,2018-07-23 02:00:00
1592,46,Fear,1532217600,,2018-07-22 02:00:00
1593,43,Fear,1532131200,,2018-07-21 02:00:00
1594,47,Neutral,1532044800,,2018-07-20 02:00:00
1595,44,Fear,1531958400,,2018-07-19 02:00:00
1596,42,Fear,1531872000,,2018-07-18 02:00:00
1597,39,Fear,1531785600,,2018-07-17 02:00:00
1598,36,Fear,1531699200,,2018-07-16 02:00:00
1599,32,Fear,1531612800,,2018-07-15 02:00:00
1600,29,Fear,1531526400,,2018-07-14 02:00:00
1601,29,Fear,1531440000,,2018-07-13 02:00:00
1602,33,Fear,1531353600,,2018-07-12 02:00:00
1603,29,Fear,1531267200,,2018-07-11 02:00:00
1604,37,Fear,1531180800,,2018-07-10 02:00:00
1605,39,Fear,1531094400,,2018-07-09 02:00:00
1606,38,Fear,1531008000,,2018-07-08 02:00:00
1607,34,Fear,1530921600,,2018-07-07 02:00:00
1608,34,Fear,1530835200,,2018-07-06 02:00:00
1609,37,Fear,1530748800,,2018-07-05 02:00:00
1610,33,Fear,1530662400,,2018-07-04 02:00:00
1611,31,Fear,1530576000,,2018-07-03 02:00:00
1612,27,Fear,1530489600,,2018-07-02 02:00:00
1613,27,Fear,1530403200,,2018-07-01 02:00:00
1614,22,Extreme Fear,1530316800,,2018-06-30 02:00:00
1615,16,Extreme Fear,1530230400,,2018-06-29 02:00:00
1616,20,Extreme Fear,1530144000,,2018-06-28 02:00:00
1617,18,Extreme Fear,1530057600,,2018-06-27 02:00:00
1618,21,Extreme Fear,1529971200,,2018-06-26 02:00:00
1619,16,Extreme Fear,1529884800,,2018-06-25 02:00:00
1620,15,Extreme Fear,1529798400,,2018-06-24 02:00:00
1621,17,Extreme Fear,1529712000,,2018-06-23 02:00:00
1622,28,Fear,1529625600,,2018-06-22 02:00:00
1623,37,Fear,1529539200,,2018-06-21 02:00:00
1624,34,Fear,1529452800,,2018-06-20 02:00:00
1625,32,Fear,1529366400,,2018-06-19 02:00:00
1626,27,Fear,1529280000,,2018-06-18 02:00:00
1627,23,Extreme Fear,1529193600,,2018-06-17 02:00:00
1628,22,Extreme Fear,1529107200,,2018-06-16 02:00:00
1629,26,Fear,1529020800,,2018-06-15 02:00:00
1630,17,Extreme Fear,1528934400,,2018-06-14 02:00:00
1631,19,Extreme Fear,1528848000,,2018-06-13 02:00:00
1632,19,Extreme Fear,1528761600,,2018-06-12 02:00:00
1633,15,Extreme Fear,1528675200,,2018-06-11 02:00:00
1634,24,Extreme Fear,1528588800,,2018-06-10 02:00:00
1635,39,Fear,1528502400,,2018-06-09 02:00:00
1636,40,Fear,1528416000,,2018-06-08 02:00:00
1637,38,Fear,1528329600,,2018-06-07 02:00:00
1638,42,Fear,1528243200,,2018-06-06 02:00:00
1639,26,Fear,1528156800,,2018-06-05 02:00:00
1640,41,Fear,1528070400,,2018-06-04 02:00:00
1641,40,Fear,1527984000,,2018-06-03 02:00:00
1642,27,Fear,1527897600,,2018-06-02 02:00:00
1643,24,Extreme Fear,1527811200,,2018-06-01 02:00:00
1644,25,Extreme Fear,1527724800,,2018-05-31 02:00:00
1645,38,Fear,1527638400,,2018-05-30 02:00:00
1646,16,Extreme Fear,1527552000,,2018-05-29 02:00:00
1647,22,Extreme Fear,1527465600,,2018-05-28 02:00:00
1648,19,Extreme Fear,1527379200,,2018-05-27 02:00:00
1649,23,Extreme Fear,1527292800,,2018-05-26 02:00:00
1650,25,Extreme Fear,1527206400,,2018-05-25 02:00:00
1651,27,Fear,1527120000,,2018-05-24 02:00:00
1652,26,Fear,1527033600,,2018-05-23 02:00:00
1653,30,Fear,1526947200,,2018-05-22 02:00:00
1654,41,Fear,1526860800,,2018-05-21 02:00:00
1655,32,Fear,1526774400,,2018-05-20 02:00:00
1656,31,Fear,1526688000,,2018-05-19 02:00:00
1657,37,Fear,1526601600,,2018-05-18 02:00:00
1658,31,Fear,1526515200,,2018-05-17 02:00:00
1659,32,Fear,1526428800,,2018-05-16 02:00:00
1660,40,Fear,1526342400,,2018-05-15 02:00:00
1661,40,Fear,1526256000,,2018-05-14 02:00:00
1662,40,Fear,1526169600,,2018-05-13 02:00:00
1663,44,Fear,1526083200,,2018-05-12 02:00:00
1664,41,Fear,1525996800,,2018-05-11 02:00:00
1665,63,Greed,1525910400,,2018-05-10 02:00:00
1666,53,Neutral,1525824000,,2018-05-09 02:00:00
1667,62,Greed,1525737600,,2018-05-08 02:00:00
1668,56,Greed,1525651200,,2018-05-07 02:00:00
1669,67,Greed,1525564800,,2018-05-06 02:00:00
1670,63,Greed,1525478400,,2018-05-05 02:00:00
1671,56,Greed,1525392000,,2018-05-04 02:00:00
1672,55,Greed,1525305600,,2018-05-03 02:00:00
1673,52,Neutral,1525219200,,2018-05-02 02:00:00
1674,56,Greed,1525132800,,2018-05-01 02:00:00
1675,59,Greed,1525046400,,2018-04-30 02:00:00
1676,61,Greed,1524960000,,2018-04-29 02:00:00
1677,54,Neutral,1524873600,,2018-04-28 02:00:00
1678,55,Greed,1524787200,,2018-04-27 02:00:00
1679,47,Neutral,1524700800,,2018-04-26 02:00:00
1680,64,Greed,1524614400,,2018-04-25 02:00:00
1681,29,Fear,1524528000,,2018-04-24 02:00:00
1682,28,Fear,1524441600,,2018-04-23 02:00:00
1683,31,Fear,1524355200,,2018-04-22 02:00:00
1684,32,Fear,1524268800,,2018-04-21 02:00:00
1685,26,Fear,1524182400,,2018-04-20 02:00:00
1686,25,Extreme Fear,1524096000,,2018-04-19 02:00:00
1687,24,Extreme Fear,1524009600,,2018-04-18 02:00:00
1688,26,Fear,1523923200,,2018-04-17 02:00:00
1689,23,Extreme Fear,1523577600,,2018-04-13 02:00:00
1690,18,Extreme Fear,1523491200,,2018-04-12 02:00:00
1691,20,Extreme Fear,1523404800,,2018-04-11 02:00:00
1692,18,Extreme Fear,1523318400,,2018-04-10 02:00:00
1693,21,Extreme Fear,1523232000,,2018-04-09 02:00:00
1694,17,Extreme Fear,1523145600,,2018-04-08 02:00:00
1695,20,Extreme Fear,1523059200,,2018-04-07 02:00:00
1696,19,Extreme Fear,1522972800,,2018-04-06 02:00:00
1697,17,Extreme Fear,1522886400,,2018-04-05 02:00:00
1698,22,Extreme Fear,1522800000,,2018-04-04 02:00:00
1699,22,Extreme Fear,1522713600,,2018-04-03 02:00:00
1700,11,Extreme Fear,1522627200,,2018-04-02 02:00:00
1701,16,Extreme Fear,1522540800,,2018-04-01 02:00:00
1702,16,Extreme Fear,1522454400,,2018-03-31 02:00:00
1703,12,Extreme Fear,1522368000,,2018-03-30 02:00:00
1704,18,Extreme Fear,1522281600,,2018-03-29 02:00:00
1705,24,Extreme Fear,1522195200,,2018-03-28 02:00:00
1706,24,Extreme Fear,1522108800,,2018-03-27 02:00:00
1707,31,Fear,1522022400,,2018-03-26 02:00:00
1708,30,Fear,1521936000,,2018-03-25 01:00:00
1709,32,Fear,1521849600,,2018-03-24 01:00:00
1710,28,Fear,1521763200,,2018-03-23 01:00:00
1711,36,Fear,1521676800,,2018-03-22 01:00:00
1712,36,Fear,1521590400,,2018-03-21 01:00:00
1713,37,Fear,1521504000,,2018-03-20 01:00:00
1714,29,Fear,1521417600,,2018-03-19 01:00:00
1715,29,Fear,1521331200,,2018-03-18 01:00:00
1716,31,Fear,1521244800,,2018-03-17 01:00:00
1717,33,Fear,1521158400,,2018-03-16 01:00:00
1718,32,Fear,1521072000,,2018-03-15 01:00:00
1719,40,Fear,1520985600,,2018-03-14 01:00:00
1720,41,Fear,1520899200,,2018-03-13 01:00:00
1721,41,Fear,1520812800,,2018-03-12 01:00:00
1722,40,Fear,1520726400,,2018-03-11 01:00:00
1723,39,Fear,1520640000,,2018-03-10 01:00:00
1724,37,Fear,1520553600,,2018-03-09 01:00:00
1725,39,Fear,1520467200,,2018-03-08 01:00:00
1726,37,Fear,1520380800,,2018-03-07 01:00:00
1727,59,Greed,1520294400,,2018-03-06 01:00:00
1728,55,Greed,1520208000,,2018-03-05 01:00:00
1729,44,Fear,1520121600,,2018-03-04 01:00:00
1730,56,Greed,1520035200,,2018-03-03 01:00:00
1731,47,Neutral,1519948800,,2018-03-02 01:00:00
1732,38,Fear,1519862400,,2018-03-01 01:00:00
1733,41,Fear,1519776000,,2018-02-28 01:00:00
1734,44,Fear,1519689600,,2018-02-27 01:00:00
1735,37,Fear,1519603200,,2018-02-26 01:00:00
1736,33,Fear,1519516800,,2018-02-25 01:00:00
1737,31,Fear,1519430400,,2018-02-24 01:00:00
1738,39,Fear,1519344000,,2018-02-23 01:00:00
1739,44,Fear,1519257600,,2018-02-22 01:00:00
1740,54,Neutral,1519171200,,2018-02-21 01:00:00
1741,74,Greed,1519084800,,2018-02-20 01:00:00
1742,67,Greed,1518998400,,2018-02-19 01:00:00
1743,63,Greed,1518912000,,2018-02-18 01:00:00
1744,74,Greed,1518825600,,2018-02-17 01:00:00
1745,67,Greed,1518739200,,2018-02-16 01:00:00
1746,71,Greed,1518652800,,2018-02-15 01:00:00
1747,55,Greed,1518566400,,2018-02-14 01:00:00
1748,35,Fear,1518480000,,2018-02-13 01:00:00
1749,42,Fear,1518393600,,2018-02-12 01:00:00
1750,31,Fear,1518307200,,2018-02-11 01:00:00
1751,54,Neutral,1518220800,,2018-02-10 01:00:00
1752,44,Fear,1518134400,,2018-02-09 01:00:00
1753,30,Fear,1518048000,,2018-02-08 01:00:00
1754,36,Fear,1517961600,,2018-02-07 01:00:00
1755,8,Extreme Fear,1517875200,,2018-02-06 01:00:00
1756,11,Extreme Fear,1517788800,,2018-02-05 01:00:00
1757,24,Extreme Fear,1517702400,,2018-02-04 01:00:00
1758,40,Fear,1517616000,,2018-02-03 01:00:00
1759,15,Extreme Fear,1517529600,,2018-02-02 01:00:00
1760,30,Fear,1517443200,,2018-02-01 01:00:00
